quarter,year,quarter_number,quarter_start,local_authority,completions
2011Q1,2011,1,2011-01-01,Cork City Council,39
2011Q1,2011,1,2011-01-01,Clare County Council,52
2011Q1,2011,1,2011-01-01,Cavan County Council,61
2011Q1,2011,1,2011-01-01,Cork County Council,168
2011Q1,2011,1,2011-01-01,Carlow County Council,17
2011Q1,2011,1,2011-01-01,Dublin City Council,72
2011Q1,2011,1,2011-01-01,Dún Laoghaire Rathdown County Council,30
2011Q1,2011,1,2011-01-01,Donegal County Council,118
2011Q1,2011,1,2011-01-01,Fingal County Council,144
2011Q1,2011,1,2011-01-01,Galway County Council,93
2011Q1,2011,1,2011-01-01,Galway City Council,15
2011Q1,2011,1,2011-01-01,Kildare County Council,126
2011Q1,2011,1,2011-01-01,Kilkenny County Council,40
2011Q1,2011,1,2011-01-01,Kerry County Council,62
2011Q1,2011,1,2011-01-01,Longford County Council,11
2011Q1,2011,1,2011-01-01,Louth County Council,48
2011Q1,2011,1,2011-01-01,Limerick City & County Council,54
2011Q1,2011,1,2011-01-01,Leitrim County Council,42
2011Q1,2011,1,2011-01-01,Laois County Council,34
2011Q1,2011,1,2011-01-01,Meath County Council,70
2011Q1,2011,1,2011-01-01,Monaghan County Council,26
2011Q1,2011,1,2011-01-01,Mayo County Council,67
2011Q1,2011,1,2011-01-01,Offaly County Council,28
2011Q1,2011,1,2011-01-01,Roscommon County Council,26
2011Q1,2011,1,2011-01-01,South Dublin County Council,41
2011Q1,2011,1,2011-01-01,Sligo County Council,52
2011Q1,2011,1,2011-01-01,Tipperary County Council,63
2011Q1,2011,1,2011-01-01,Waterford City & County Council,96
2011Q1,2011,1,2011-01-01,Westmeath County Council,33
2011Q1,2011,1,2011-01-01,Wicklow County Council,74
2011Q1,2011,1,2011-01-01,Wexford County Council,73
2011Q2,2011,2,2011-04-01,Cork City Council,36
2011Q2,2011,2,2011-04-01,Clare County Council,49
2011Q2,2011,2,2011-04-01,Cavan County Council,28
2011Q2,2011,2,2011-04-01,Cork County Council,200
2011Q2,2011,2,2011-04-01,Carlow County Council,24
2011Q2,2011,2,2011-04-01,Dublin City Council,109
2011Q2,2011,2,2011-04-01,Dún Laoghaire Rathdown County Council,68
2011Q2,2011,2,2011-04-01,Donegal County Council,139
2011Q2,2011,2,2011-04-01,Fingal County Council,134
2011Q2,2011,2,2011-04-01,Galway County Council,108
2011Q2,2011,2,2011-04-01,Galway City Council,17
2011Q2,2011,2,2011-04-01,Kildare County Council,42
2011Q2,2011,2,2011-04-01,Kilkenny County Council,50
2011Q2,2011,2,2011-04-01,Kerry County Council,67
2011Q2,2011,2,2011-04-01,Longford County Council,14
2011Q2,2011,2,2011-04-01,Louth County Council,53
2011Q2,2011,2,2011-04-01,Limerick City & County Council,49
2011Q2,2011,2,2011-04-01,Leitrim County Council,13
2011Q2,2011,2,2011-04-01,Laois County Council,33
2011Q2,2011,2,2011-04-01,Meath County Council,64
2011Q2,2011,2,2011-04-01,Monaghan County Council,21
2011Q2,2011,2,2011-04-01,Mayo County Council,59
2011Q2,2011,2,2011-04-01,Offaly County Council,36
2011Q2,2011,2,2011-04-01,Roscommon County Council,54
2011Q2,2011,2,2011-04-01,South Dublin County Council,16
2011Q2,2011,2,2011-04-01,Sligo County Council,34
2011Q2,2011,2,2011-04-01,Tipperary County Council,94
2011Q2,2011,2,2011-04-01,Waterford City & County Council,29
2011Q2,2011,2,2011-04-01,Westmeath County Council,37
2011Q2,2011,2,2011-04-01,Wicklow County Council,37
2011Q2,2011,2,2011-04-01,Wexford County Council,77
2011Q3,2011,3,2011-07-01,Cork City Council,51
2011Q3,2011,3,2011-07-01,Clare County Council,47
2011Q3,2011,3,2011-07-01,Cavan County Council,45
2011Q3,2011,3,2011-07-01,Cork County Council,164
2011Q3,2011,3,2011-07-01,Carlow County Council,24
2011Q3,2011,3,2011-07-01,Dublin City Council,41
2011Q3,2011,3,2011-07-01,Dún Laoghaire Rathdown County Council,15
2011Q3,2011,3,2011-07-01,Donegal County Council,115
2011Q3,2011,3,2011-07-01,Fingal County Council,96
2011Q3,2011,3,2011-07-01,Galway County Council,105
2011Q3,2011,3,2011-07-01,Galway City Council,9
2011Q3,2011,3,2011-07-01,Kildare County Council,42
2011Q3,2011,3,2011-07-01,Kilkenny County Council,84
2011Q3,2011,3,2011-07-01,Kerry County Council,77
2011Q3,2011,3,2011-07-01,Longford County Council,12
2011Q3,2011,3,2011-07-01,Louth County Council,31
2011Q3,2011,3,2011-07-01,Limerick City & County Council,55
2011Q3,2011,3,2011-07-01,Leitrim County Council,14
2011Q3,2011,3,2011-07-01,Laois County Council,25
2011Q3,2011,3,2011-07-01,Meath County Council,76
2011Q3,2011,3,2011-07-01,Monaghan County Council,33
2011Q3,2011,3,2011-07-01,Mayo County Council,124
2011Q3,2011,3,2011-07-01,Offaly County Council,24
2011Q3,2011,3,2011-07-01,Roscommon County Council,38
2011Q3,2011,3,2011-07-01,South Dublin County Council,29
2011Q3,2011,3,2011-07-01,Sligo County Council,35
2011Q3,2011,3,2011-07-01,Tipperary County Council,73
2011Q3,2011,3,2011-07-01,Waterford City & County Council,30
2011Q3,2011,3,2011-07-01,Westmeath County Council,24
2011Q3,2011,3,2011-07-01,Wicklow County Council,60
2011Q3,2011,3,2011-07-01,Wexford County Council,89
2011Q4,2011,4,2011-10-01,Cork City Council,25
2011Q4,2011,4,2011-10-01,Clare County Council,57
2011Q4,2011,4,2011-10-01,Cavan County Council,37
2011Q4,2011,4,2011-10-01,Cork County Council,194
2011Q4,2011,4,2011-10-01,Carlow County Council,38
2011Q4,2011,4,2011-10-01,Dublin City Council,83
2011Q4,2011,4,2011-10-01,Dún Laoghaire Rathdown County Council,17
2011Q4,2011,4,2011-10-01,Donegal County Council,88
2011Q4,2011,4,2011-10-01,Fingal County Council,33
2011Q4,2011,4,2011-10-01,Galway County Council,114
2011Q4,2011,4,2011-10-01,Galway City Council,11
2011Q4,2011,4,2011-10-01,Kildare County Council,76
2011Q4,2011,4,2011-10-01,Kilkenny County Council,54
2011Q4,2011,4,2011-10-01,Kerry County Council,79
2011Q4,2011,4,2011-10-01,Longford County Council,13
2011Q4,2011,4,2011-10-01,Louth County Council,37
2011Q4,2011,4,2011-10-01,Limerick City & County Council,95
2011Q4,2011,4,2011-10-01,Leitrim County Council,16
2011Q4,2011,4,2011-10-01,Laois County Council,33
2011Q4,2011,4,2011-10-01,Meath County Council,68
2011Q4,2011,4,2011-10-01,Monaghan County Council,32
2011Q4,2011,4,2011-10-01,Mayo County Council,88
2011Q4,2011,4,2011-10-01,Offaly County Council,29
2011Q4,2011,4,2011-10-01,Roscommon County Council,31
2011Q4,2011,4,2011-10-01,South Dublin County Council,36
2011Q4,2011,4,2011-10-01,Sligo County Council,24
2011Q4,2011,4,2011-10-01,Tipperary County Council,68
2011Q4,2011,4,2011-10-01,Waterford City & County Council,35
2011Q4,2011,4,2011-10-01,Westmeath County Council,28
2011Q4,2011,4,2011-10-01,Wicklow County Council,47
2011Q4,2011,4,2011-10-01,Wexford County Council,55
2012Q1,2012,1,2012-01-01,Cork City Council,20
2012Q1,2012,1,2012-01-01,Clare County Council,44
2012Q1,2012,1,2012-01-01,Cavan County Council,20
2012Q1,2012,1,2012-01-01,Cork County Council,122
2012Q1,2012,1,2012-01-01,Carlow County Council,17
2012Q1,2012,1,2012-01-01,Dublin City Council,57
2012Q1,2012,1,2012-01-01,Dún Laoghaire Rathdown County Council,13
2012Q1,2012,1,2012-01-01,Donegal County Council,114
2012Q1,2012,1,2012-01-01,Fingal County Council,29
2012Q1,2012,1,2012-01-01,Galway County Council,77
2012Q1,2012,1,2012-01-01,Galway City Council,6
2012Q1,2012,1,2012-01-01,Kildare County Council,51
2012Q1,2012,1,2012-01-01,Kilkenny County Council,26
2012Q1,2012,1,2012-01-01,Kerry County Council,46
2012Q1,2012,1,2012-01-01,Longford County Council,17
2012Q1,2012,1,2012-01-01,Louth County Council,23
2012Q1,2012,1,2012-01-01,Limerick City & County Council,27
2012Q1,2012,1,2012-01-01,Leitrim County Council,15
2012Q1,2012,1,2012-01-01,Laois County Council,24
2012Q1,2012,1,2012-01-01,Meath County Council,41
2012Q1,2012,1,2012-01-01,Monaghan County Council,42
2012Q1,2012,1,2012-01-01,Mayo County Council,41
2012Q1,2012,1,2012-01-01,Offaly County Council,15
2012Q1,2012,1,2012-01-01,Roscommon County Council,19
2012Q1,2012,1,2012-01-01,South Dublin County Council,11
2012Q1,2012,1,2012-01-01,Sligo County Council,62
2012Q1,2012,1,2012-01-01,Tipperary County Council,40
2012Q1,2012,1,2012-01-01,Waterford City & County Council,18
2012Q1,2012,1,2012-01-01,Westmeath County Council,24
2012Q1,2012,1,2012-01-01,Wicklow County Council,23
2012Q1,2012,1,2012-01-01,Wexford County Council,47
2012Q2,2012,2,2012-04-01,Cork City Council,27
2012Q2,2012,2,2012-04-01,Clare County Council,38
2012Q2,2012,2,2012-04-01,Cavan County Council,23
2012Q2,2012,2,2012-04-01,Cork County Council,115
2012Q2,2012,2,2012-04-01,Carlow County Council,10
2012Q2,2012,2,2012-04-01,Dublin City Council,37
2012Q2,2012,2,2012-04-01,Dún Laoghaire Rathdown County Council,11
2012Q2,2012,2,2012-04-01,Donegal County Council,74
2012Q2,2012,2,2012-04-01,Fingal County Council,29
2012Q2,2012,2,2012-04-01,Galway County Council,71
2012Q2,2012,2,2012-04-01,Galway City Council,7
2012Q2,2012,2,2012-04-01,Kildare County Council,44
2012Q2,2012,2,2012-04-01,Kilkenny County Council,18
2012Q2,2012,2,2012-04-01,Kerry County Council,48
2012Q2,2012,2,2012-04-01,Longford County Council,24
2012Q2,2012,2,2012-04-01,Louth County Council,28
2012Q2,2012,2,2012-04-01,Limerick City & County Council,55
2012Q2,2012,2,2012-04-01,Leitrim County Council,7
2012Q2,2012,2,2012-04-01,Laois County Council,43
2012Q2,2012,2,2012-04-01,Meath County Council,47
2012Q2,2012,2,2012-04-01,Monaghan County Council,18
2012Q2,2012,2,2012-04-01,Mayo County Council,56
2012Q2,2012,2,2012-04-01,Offaly County Council,18
2012Q2,2012,2,2012-04-01,Roscommon County Council,25
2012Q2,2012,2,2012-04-01,South Dublin County Council,23
2012Q2,2012,2,2012-04-01,Sligo County Council,67
2012Q2,2012,2,2012-04-01,Tipperary County Council,30
2012Q2,2012,2,2012-04-01,Waterford City & County Council,19
2012Q2,2012,2,2012-04-01,Westmeath County Council,18
2012Q2,2012,2,2012-04-01,Wicklow County Council,38
2012Q2,2012,2,2012-04-01,Wexford County Council,49
2012Q3,2012,3,2012-07-01,Cork City Council,26
2012Q3,2012,3,2012-07-01,Clare County Council,39
2012Q3,2012,3,2012-07-01,Cavan County Council,23
2012Q3,2012,3,2012-07-01,Cork County Council,129
2012Q3,2012,3,2012-07-01,Carlow County Council,11
2012Q3,2012,3,2012-07-01,Dublin City Council,68
2012Q3,2012,3,2012-07-01,Dún Laoghaire Rathdown County Council,33
2012Q3,2012,3,2012-07-01,Donegal County Council,92
2012Q3,2012,3,2012-07-01,Fingal County Council,24
2012Q3,2012,3,2012-07-01,Galway County Council,72
2012Q3,2012,3,2012-07-01,Galway City Council,4
2012Q3,2012,3,2012-07-01,Kildare County Council,42
2012Q3,2012,3,2012-07-01,Kilkenny County Council,21
2012Q3,2012,3,2012-07-01,Kerry County Council,40
2012Q3,2012,3,2012-07-01,Longford County Council,29
2012Q3,2012,3,2012-07-01,Louth County Council,59
2012Q3,2012,3,2012-07-01,Limerick City & County Council,47
2012Q3,2012,3,2012-07-01,Leitrim County Council,13
2012Q3,2012,3,2012-07-01,Laois County Council,31
2012Q3,2012,3,2012-07-01,Meath County Council,42
2012Q3,2012,3,2012-07-01,Monaghan County Council,27
2012Q3,2012,3,2012-07-01,Mayo County Council,54
2012Q3,2012,3,2012-07-01,Offaly County Council,23
2012Q3,2012,3,2012-07-01,Roscommon County Council,16
2012Q3,2012,3,2012-07-01,South Dublin County Council,20
2012Q3,2012,3,2012-07-01,Sligo County Council,22
2012Q3,2012,3,2012-07-01,Tipperary County Council,57
2012Q3,2012,3,2012-07-01,Waterford City & County Council,23
2012Q3,2012,3,2012-07-01,Westmeath County Council,21
2012Q3,2012,3,2012-07-01,Wicklow County Council,58
2012Q3,2012,3,2012-07-01,Wexford County Council,39
2012Q4,2012,4,2012-10-01,Cork City Council,22
2012Q4,2012,4,2012-10-01,Clare County Council,39
2012Q4,2012,4,2012-10-01,Cavan County Council,33
2012Q4,2012,4,2012-10-01,Cork County Council,148
2012Q4,2012,4,2012-10-01,Carlow County Council,17
2012Q4,2012,4,2012-10-01,Dublin City Council,71
2012Q4,2012,4,2012-10-01,Dún Laoghaire Rathdown County Council,34
2012Q4,2012,4,2012-10-01,Donegal County Council,78
2012Q4,2012,4,2012-10-01,Fingal County Council,49
2012Q4,2012,4,2012-10-01,Galway County Council,91
2012Q4,2012,4,2012-10-01,Galway City Council,5
2012Q4,2012,4,2012-10-01,Kildare County Council,70
2012Q4,2012,4,2012-10-01,Kilkenny County Council,44
2012Q4,2012,4,2012-10-01,Kerry County Council,84
2012Q4,2012,4,2012-10-01,Longford County Council,7
2012Q4,2012,4,2012-10-01,Louth County Council,81
2012Q4,2012,4,2012-10-01,Limerick City & County Council,108
2012Q4,2012,4,2012-10-01,Leitrim County Council,9
2012Q4,2012,4,2012-10-01,Laois County Council,26
2012Q4,2012,4,2012-10-01,Meath County Council,63
2012Q4,2012,4,2012-10-01,Monaghan County Council,15
2012Q4,2012,4,2012-10-01,Mayo County Council,45
2012Q4,2012,4,2012-10-01,Offaly County Council,26
2012Q4,2012,4,2012-10-01,Roscommon County Council,16
2012Q4,2012,4,2012-10-01,South Dublin County Council,75
2012Q4,2012,4,2012-10-01,Sligo County Council,18
2012Q4,2012,4,2012-10-01,Tipperary County Council,41
2012Q4,2012,4,2012-10-01,Waterford City & County Council,38
2012Q4,2012,4,2012-10-01,Westmeath County Council,20
2012Q4,2012,4,2012-10-01,Wicklow County Council,30
2012Q4,2012,4,2012-10-01,Wexford County Council,55
2013Q1,2013,1,2013-01-01,Cork City Council,16
2013Q1,2013,1,2013-01-01,Clare County Council,27
2013Q1,2013,1,2013-01-01,Cavan County Council,15
2013Q1,2013,1,2013-01-01,Cork County Council,88
2013Q1,2013,1,2013-01-01,Carlow County Council,7
2013Q1,2013,1,2013-01-01,Dublin City Council,36
2013Q1,2013,1,2013-01-01,Dún Laoghaire Rathdown County Council,22
2013Q1,2013,1,2013-01-01,Donegal County Council,54
2013Q1,2013,1,2013-01-01,Fingal County Council,27
2013Q1,2013,1,2013-01-01,Galway County Council,75
2013Q1,2013,1,2013-01-01,Galway City Council,3
2013Q1,2013,1,2013-01-01,Kildare County Council,34
2013Q1,2013,1,2013-01-01,Kilkenny County Council,19
2013Q1,2013,1,2013-01-01,Kerry County Council,39
2013Q1,2013,1,2013-01-01,Longford County Council,8
2013Q1,2013,1,2013-01-01,Louth County Council,48
2013Q1,2013,1,2013-01-01,Limerick City & County Council,46
2013Q1,2013,1,2013-01-01,Leitrim County Council,10
2013Q1,2013,1,2013-01-01,Laois County Council,13
2013Q1,2013,1,2013-01-01,Meath County Council,36
2013Q1,2013,1,2013-01-01,Monaghan County Council,16
2013Q1,2013,1,2013-01-01,Mayo County Council,38
2013Q1,2013,1,2013-01-01,Offaly County Council,12
2013Q1,2013,1,2013-01-01,Roscommon County Council,22
2013Q1,2013,1,2013-01-01,South Dublin County Council,28
2013Q1,2013,1,2013-01-01,Sligo County Council,30
2013Q1,2013,1,2013-01-01,Tipperary County Council,25
2013Q1,2013,1,2013-01-01,Waterford City & County Council,23
2013Q1,2013,1,2013-01-01,Westmeath County Council,13
2013Q1,2013,1,2013-01-01,Wicklow County Council,30
2013Q1,2013,1,2013-01-01,Wexford County Council,29
2013Q2,2013,2,2013-04-01,Cork City Council,69
2013Q2,2013,2,2013-04-01,Clare County Council,31
2013Q2,2013,2,2013-04-01,Cavan County Council,17
2013Q2,2013,2,2013-04-01,Cork County Council,101
2013Q2,2013,2,2013-04-01,Carlow County Council,10
2013Q2,2013,2,2013-04-01,Dublin City Council,111
2013Q2,2013,2,2013-04-01,Dún Laoghaire Rathdown County Council,24
2013Q2,2013,2,2013-04-01,Donegal County Council,60
2013Q2,2013,2,2013-04-01,Fingal County Council,25
2013Q2,2013,2,2013-04-01,Galway County Council,57
2013Q2,2013,2,2013-04-01,Galway City Council,31
2013Q2,2013,2,2013-04-01,Kildare County Council,52
2013Q2,2013,2,2013-04-01,Kilkenny County Council,34
2013Q2,2013,2,2013-04-01,Kerry County Council,42
2013Q2,2013,2,2013-04-01,Longford County Council,7
2013Q2,2013,2,2013-04-01,Louth County Council,79
2013Q2,2013,2,2013-04-01,Limerick City & County Council,36
2013Q2,2013,2,2013-04-01,Leitrim County Council,12
2013Q2,2013,2,2013-04-01,Laois County Council,24
2013Q2,2013,2,2013-04-01,Meath County Council,37
2013Q2,2013,2,2013-04-01,Monaghan County Council,15
2013Q2,2013,2,2013-04-01,Mayo County Council,45
2013Q2,2013,2,2013-04-01,Offaly County Council,14
2013Q2,2013,2,2013-04-01,Roscommon County Council,16
2013Q2,2013,2,2013-04-01,South Dublin County Council,25
2013Q2,2013,2,2013-04-01,Sligo County Council,15
2013Q2,2013,2,2013-04-01,Tipperary County Council,38
2013Q2,2013,2,2013-04-01,Waterford City & County Council,21
2013Q2,2013,2,2013-04-01,Westmeath County Council,18
2013Q2,2013,2,2013-04-01,Wicklow County Council,41
2013Q2,2013,2,2013-04-01,Wexford County Council,39
2013Q3,2013,3,2013-07-01,Cork City Council,14
2013Q3,2013,3,2013-07-01,Clare County Council,26
2013Q3,2013,3,2013-07-01,Cavan County Council,16
2013Q3,2013,3,2013-07-01,Cork County Council,103
2013Q3,2013,3,2013-07-01,Carlow County Council,16
2013Q3,2013,3,2013-07-01,Dublin City Council,57
2013Q3,2013,3,2013-07-01,Dún Laoghaire Rathdown County Council,30
2013Q3,2013,3,2013-07-01,Donegal County Council,62
2013Q3,2013,3,2013-07-01,Fingal County Council,61
2013Q3,2013,3,2013-07-01,Galway County Council,62
2013Q3,2013,3,2013-07-01,Galway City Council,9
2013Q3,2013,3,2013-07-01,Kildare County Council,51
2013Q3,2013,3,2013-07-01,Kilkenny County Council,31
2013Q3,2013,3,2013-07-01,Kerry County Council,54
2013Q3,2013,3,2013-07-01,Longford County Council,9
2013Q3,2013,3,2013-07-01,Louth County Council,37
2013Q3,2013,3,2013-07-01,Limerick City & County Council,24
2013Q3,2013,3,2013-07-01,Leitrim County Council,10
2013Q3,2013,3,2013-07-01,Laois County Council,18
2013Q3,2013,3,2013-07-01,Meath County Council,33
2013Q3,2013,3,2013-07-01,Monaghan County Council,18
2013Q3,2013,3,2013-07-01,Mayo County Council,41
2013Q3,2013,3,2013-07-01,Offaly County Council,10
2013Q3,2013,3,2013-07-01,Roscommon County Council,20
2013Q3,2013,3,2013-07-01,South Dublin County Council,33
2013Q3,2013,3,2013-07-01,Sligo County Council,23
2013Q3,2013,3,2013-07-01,Tipperary County Council,23
2013Q3,2013,3,2013-07-01,Waterford City & County Council,24
2013Q3,2013,3,2013-07-01,Westmeath County Council,17
2013Q3,2013,3,2013-07-01,Wicklow County Council,41
2013Q3,2013,3,2013-07-01,Wexford County Council,60
2013Q4,2013,4,2013-10-01,Cork City Council,59
2013Q4,2013,4,2013-10-01,Clare County Council,39
2013Q4,2013,4,2013-10-01,Cavan County Council,21
2013Q4,2013,4,2013-10-01,Cork County Council,119
2013Q4,2013,4,2013-10-01,Carlow County Council,9
2013Q4,2013,4,2013-10-01,Dublin City Council,90
2013Q4,2013,4,2013-10-01,Dún Laoghaire Rathdown County Council,132
2013Q4,2013,4,2013-10-01,Donegal County Council,74
2013Q4,2013,4,2013-10-01,Fingal County Council,72
2013Q4,2013,4,2013-10-01,Galway County Council,67
2013Q4,2013,4,2013-10-01,Galway City Council,7
2013Q4,2013,4,2013-10-01,Kildare County Council,57
2013Q4,2013,4,2013-10-01,Kilkenny County Council,28
2013Q4,2013,4,2013-10-01,Kerry County Council,59
2013Q4,2013,4,2013-10-01,Longford County Council,11
2013Q4,2013,4,2013-10-01,Louth County Council,41
2013Q4,2013,4,2013-10-01,Limerick City & County Council,108
2013Q4,2013,4,2013-10-01,Leitrim County Council,9
2013Q4,2013,4,2013-10-01,Laois County Council,30
2013Q4,2013,4,2013-10-01,Meath County Council,54
2013Q4,2013,4,2013-10-01,Monaghan County Council,36
2013Q4,2013,4,2013-10-01,Mayo County Council,90
2013Q4,2013,4,2013-10-01,Offaly County Council,19
2013Q4,2013,4,2013-10-01,Roscommon County Council,22
2013Q4,2013,4,2013-10-01,South Dublin County Council,56
2013Q4,2013,4,2013-10-01,Sligo County Council,22
2013Q4,2013,4,2013-10-01,Tipperary County Council,48
2013Q4,2013,4,2013-10-01,Waterford City & County Council,23
2013Q4,2013,4,2013-10-01,Westmeath County Council,18
2013Q4,2013,4,2013-10-01,Wicklow County Council,26
2013Q4,2013,4,2013-10-01,Wexford County Council,61
2014Q1,2014,1,2014-01-01,Cork City Council,9
2014Q1,2014,1,2014-01-01,Clare County Council,38
2014Q1,2014,1,2014-01-01,Cavan County Council,25
2014Q1,2014,1,2014-01-01,Cork County Council,91
2014Q1,2014,1,2014-01-01,Carlow County Council,22
2014Q1,2014,1,2014-01-01,Dublin City Council,56
2014Q1,2014,1,2014-01-01,Dún Laoghaire Rathdown County Council,143
2014Q1,2014,1,2014-01-01,Donegal County Council,55
2014Q1,2014,1,2014-01-01,Fingal County Council,53
2014Q1,2014,1,2014-01-01,Galway County Council,65
2014Q1,2014,1,2014-01-01,Galway City Council,6
2014Q1,2014,1,2014-01-01,Kildare County Council,58
2014Q1,2014,1,2014-01-01,Kilkenny County Council,20
2014Q1,2014,1,2014-01-01,Kerry County Council,40
2014Q1,2014,1,2014-01-01,Longford County Council,17
2014Q1,2014,1,2014-01-01,Louth County Council,27
2014Q1,2014,1,2014-01-01,Limerick City & County Council,27
2014Q1,2014,1,2014-01-01,Leitrim County Council,7
2014Q1,2014,1,2014-01-01,Laois County Council,24
2014Q1,2014,1,2014-01-01,Meath County Council,39
2014Q1,2014,1,2014-01-01,Monaghan County Council,11
2014Q1,2014,1,2014-01-01,Mayo County Council,35
2014Q1,2014,1,2014-01-01,Offaly County Council,14
2014Q1,2014,1,2014-01-01,Roscommon County Council,17
2014Q1,2014,1,2014-01-01,South Dublin County Council,49
2014Q1,2014,1,2014-01-01,Sligo County Council,9
2014Q1,2014,1,2014-01-01,Tipperary County Council,28
2014Q1,2014,1,2014-01-01,Waterford City & County Council,20
2014Q1,2014,1,2014-01-01,Westmeath County Council,23
2014Q1,2014,1,2014-01-01,Wicklow County Council,29
2014Q1,2014,1,2014-01-01,Wexford County Council,37
2014Q2,2014,2,2014-04-01,Cork City Council,27
2014Q2,2014,2,2014-04-01,Clare County Council,34
2014Q2,2014,2,2014-04-01,Cavan County Council,22
2014Q2,2014,2,2014-04-01,Cork County Council,113
2014Q2,2014,2,2014-04-01,Carlow County Council,18
2014Q2,2014,2,2014-04-01,Dublin City Council,243
2014Q2,2014,2,2014-04-01,Dún Laoghaire Rathdown County Council,64
2014Q2,2014,2,2014-04-01,Donegal County Council,62
2014Q2,2014,2,2014-04-01,Fingal County Council,74
2014Q2,2014,2,2014-04-01,Galway County Council,59
2014Q2,2014,2,2014-04-01,Galway City Council,18
2014Q2,2014,2,2014-04-01,Kildare County Council,65
2014Q2,2014,2,2014-04-01,Kilkenny County Council,22
2014Q2,2014,2,2014-04-01,Kerry County Council,42
2014Q2,2014,2,2014-04-01,Longford County Council,8
2014Q2,2014,2,2014-04-01,Louth County Council,29
2014Q2,2014,2,2014-04-01,Limerick City & County Council,39
2014Q2,2014,2,2014-04-01,Leitrim County Council,7
2014Q2,2014,2,2014-04-01,Laois County Council,15
2014Q2,2014,2,2014-04-01,Meath County Council,53
2014Q2,2014,2,2014-04-01,Monaghan County Council,17
2014Q2,2014,2,2014-04-01,Mayo County Council,50
2014Q2,2014,2,2014-04-01,Offaly County Council,11
2014Q2,2014,2,2014-04-01,Roscommon County Council,10
2014Q2,2014,2,2014-04-01,South Dublin County Council,60
2014Q2,2014,2,2014-04-01,Sligo County Council,21
2014Q2,2014,2,2014-04-01,Tipperary County Council,33
2014Q2,2014,2,2014-04-01,Waterford City & County Council,15
2014Q2,2014,2,2014-04-01,Westmeath County Council,12
2014Q2,2014,2,2014-04-01,Wicklow County Council,36
2014Q2,2014,2,2014-04-01,Wexford County Council,39
2014Q3,2014,3,2014-07-01,Cork City Council,33
2014Q3,2014,3,2014-07-01,Clare County Council,45
2014Q3,2014,3,2014-07-01,Cavan County Council,23
2014Q3,2014,3,2014-07-01,Cork County Council,111
2014Q3,2014,3,2014-07-01,Carlow County Council,21
2014Q3,2014,3,2014-07-01,Dublin City Council,145
2014Q3,2014,3,2014-07-01,Dún Laoghaire Rathdown County Council,75
2014Q3,2014,3,2014-07-01,Donegal County Council,63
2014Q3,2014,3,2014-07-01,Fingal County Council,152
2014Q3,2014,3,2014-07-01,Galway County Council,72
2014Q3,2014,3,2014-07-01,Galway City Council,12
2014Q3,2014,3,2014-07-01,Kildare County Council,75
2014Q3,2014,3,2014-07-01,Kilkenny County Council,25
2014Q3,2014,3,2014-07-01,Kerry County Council,44
2014Q3,2014,3,2014-07-01,Longford County Council,15
2014Q3,2014,3,2014-07-01,Louth County Council,46
2014Q3,2014,3,2014-07-01,Limerick City & County Council,38
2014Q3,2014,3,2014-07-01,Leitrim County Council,8
2014Q3,2014,3,2014-07-01,Laois County Council,15
2014Q3,2014,3,2014-07-01,Meath County Council,61
2014Q3,2014,3,2014-07-01,Monaghan County Council,21
2014Q3,2014,3,2014-07-01,Mayo County Council,45
2014Q3,2014,3,2014-07-01,Offaly County Council,22
2014Q3,2014,3,2014-07-01,Roscommon County Council,17
2014Q3,2014,3,2014-07-01,South Dublin County Council,60
2014Q3,2014,3,2014-07-01,Sligo County Council,12
2014Q3,2014,3,2014-07-01,Tipperary County Council,34
2014Q3,2014,3,2014-07-01,Waterford City & County Council,12
2014Q3,2014,3,2014-07-01,Westmeath County Council,15
2014Q3,2014,3,2014-07-01,Wicklow County Council,36
2014Q3,2014,3,2014-07-01,Wexford County Council,51
2014Q4,2014,4,2014-10-01,Cork City Council,20
2014Q4,2014,4,2014-10-01,Clare County Council,44
2014Q4,2014,4,2014-10-01,Cavan County Council,32
2014Q4,2014,4,2014-10-01,Cork County Council,157
2014Q4,2014,4,2014-10-01,Carlow County Council,12
2014Q4,2014,4,2014-10-01,Dublin City Council,102
2014Q4,2014,4,2014-10-01,Dún Laoghaire Rathdown County Council,184
2014Q4,2014,4,2014-10-01,Donegal County Council,76
2014Q4,2014,4,2014-10-01,Fingal County Council,178
2014Q4,2014,4,2014-10-01,Galway County Council,67
2014Q4,2014,4,2014-10-01,Galway City Council,11
2014Q4,2014,4,2014-10-01,Kildare County Council,102
2014Q4,2014,4,2014-10-01,Kilkenny County Council,36
2014Q4,2014,4,2014-10-01,Kerry County Council,52
2014Q4,2014,4,2014-10-01,Longford County Council,14
2014Q4,2014,4,2014-10-01,Louth County Council,44
2014Q4,2014,4,2014-10-01,Limerick City & County Council,28
2014Q4,2014,4,2014-10-01,Leitrim County Council,14
2014Q4,2014,4,2014-10-01,Laois County Council,25
2014Q4,2014,4,2014-10-01,Meath County Council,71
2014Q4,2014,4,2014-10-01,Monaghan County Council,23
2014Q4,2014,4,2014-10-01,Mayo County Council,51
2014Q4,2014,4,2014-10-01,Offaly County Council,20
2014Q4,2014,4,2014-10-01,Roscommon County Council,23
2014Q4,2014,4,2014-10-01,South Dublin County Council,70
2014Q4,2014,4,2014-10-01,Sligo County Council,18
2014Q4,2014,4,2014-10-01,Tipperary County Council,38
2014Q4,2014,4,2014-10-01,Waterford City & County Council,34
2014Q4,2014,4,2014-10-01,Westmeath County Council,34
2014Q4,2014,4,2014-10-01,Wicklow County Council,54
2014Q4,2014,4,2014-10-01,Wexford County Council,68
2015Q1,2015,1,2015-01-01,Cork City Council,30
2015Q1,2015,1,2015-01-01,Clare County Council,22
2015Q1,2015,1,2015-01-01,Cavan County Council,17
2015Q1,2015,1,2015-01-01,Cork County Council,108
2015Q1,2015,1,2015-01-01,Carlow County Council,17
2015Q1,2015,1,2015-01-01,Dublin City Council,132
2015Q1,2015,1,2015-01-01,Dún Laoghaire Rathdown County Council,63
2015Q1,2015,1,2015-01-01,Donegal County Council,51
2015Q1,2015,1,2015-01-01,Fingal County Council,180
2015Q1,2015,1,2015-01-01,Galway County Council,63
2015Q1,2015,1,2015-01-01,Galway City Council,10
2015Q1,2015,1,2015-01-01,Kildare County Council,107
2015Q1,2015,1,2015-01-01,Kilkenny County Council,18
2015Q1,2015,1,2015-01-01,Kerry County Council,30
2015Q1,2015,1,2015-01-01,Longford County Council,6
2015Q1,2015,1,2015-01-01,Louth County Council,67
2015Q1,2015,1,2015-01-01,Limerick City & County Council,36
2015Q1,2015,1,2015-01-01,Leitrim County Council,11
2015Q1,2015,1,2015-01-01,Laois County Council,16
2015Q1,2015,1,2015-01-01,Meath County Council,53
2015Q1,2015,1,2015-01-01,Monaghan County Council,21
2015Q1,2015,1,2015-01-01,Mayo County Council,36
2015Q1,2015,1,2015-01-01,Offaly County Council,17
2015Q1,2015,1,2015-01-01,Roscommon County Council,10
2015Q1,2015,1,2015-01-01,South Dublin County Council,70
2015Q1,2015,1,2015-01-01,Sligo County Council,16
2015Q1,2015,1,2015-01-01,Tipperary County Council,36
2015Q1,2015,1,2015-01-01,Waterford City & County Council,17
2015Q1,2015,1,2015-01-01,Westmeath County Council,11
2015Q1,2015,1,2015-01-01,Wicklow County Council,51
2015Q1,2015,1,2015-01-01,Wexford County Council,49
2015Q2,2015,2,2015-04-01,Cork City Council,36
2015Q2,2015,2,2015-04-01,Clare County Council,39
2015Q2,2015,2,2015-04-01,Cavan County Council,12
2015Q2,2015,2,2015-04-01,Cork County Council,141
2015Q2,2015,2,2015-04-01,Carlow County Council,15
2015Q2,2015,2,2015-04-01,Dublin City Council,95
2015Q2,2015,2,2015-04-01,Dún Laoghaire Rathdown County Council,54
2015Q2,2015,2,2015-04-01,Donegal County Council,67
2015Q2,2015,2,2015-04-01,Fingal County Council,239
2015Q2,2015,2,2015-04-01,Galway County Council,74
2015Q2,2015,2,2015-04-01,Galway City Council,15
2015Q2,2015,2,2015-04-01,Kildare County Council,145
2015Q2,2015,2,2015-04-01,Kilkenny County Council,23
2015Q2,2015,2,2015-04-01,Kerry County Council,40
2015Q2,2015,2,2015-04-01,Longford County Council,19
2015Q2,2015,2,2015-04-01,Louth County Council,27
2015Q2,2015,2,2015-04-01,Limerick City & County Council,33
2015Q2,2015,2,2015-04-01,Leitrim County Council,10
2015Q2,2015,2,2015-04-01,Laois County Council,21
2015Q2,2015,2,2015-04-01,Meath County Council,78
2015Q2,2015,2,2015-04-01,Monaghan County Council,26
2015Q2,2015,2,2015-04-01,Mayo County Council,44
2015Q2,2015,2,2015-04-01,Offaly County Council,21
2015Q2,2015,2,2015-04-01,Roscommon County Council,24
2015Q2,2015,2,2015-04-01,South Dublin County Council,50
2015Q2,2015,2,2015-04-01,Sligo County Council,9
2015Q2,2015,2,2015-04-01,Tipperary County Council,38
2015Q2,2015,2,2015-04-01,Waterford City & County Council,42
2015Q2,2015,2,2015-04-01,Westmeath County Council,20
2015Q2,2015,2,2015-04-01,Wicklow County Council,60
2015Q2,2015,2,2015-04-01,Wexford County Council,53
2015Q3,2015,3,2015-07-01,Cork City Council,33
2015Q3,2015,3,2015-07-01,Clare County Council,34
2015Q3,2015,3,2015-07-01,Cavan County Council,24
2015Q3,2015,3,2015-07-01,Cork County Council,162
2015Q3,2015,3,2015-07-01,Carlow County Council,34
2015Q3,2015,3,2015-07-01,Dublin City Council,112
2015Q3,2015,3,2015-07-01,Dún Laoghaire Rathdown County Council,92
2015Q3,2015,3,2015-07-01,Donegal County Council,58
2015Q3,2015,3,2015-07-01,Fingal County Council,263
2015Q3,2015,3,2015-07-01,Galway County Council,99
2015Q3,2015,3,2015-07-01,Galway City Council,14
2015Q3,2015,3,2015-07-01,Kildare County Council,163
2015Q3,2015,3,2015-07-01,Kilkenny County Council,33
2015Q3,2015,3,2015-07-01,Kerry County Council,57
2015Q3,2015,3,2015-07-01,Longford County Council,13
2015Q3,2015,3,2015-07-01,Louth County Council,30
2015Q3,2015,3,2015-07-01,Limerick City & County Council,64
2015Q3,2015,3,2015-07-01,Leitrim County Council,17
2015Q3,2015,3,2015-07-01,Laois County Council,25
2015Q3,2015,3,2015-07-01,Meath County Council,88
2015Q3,2015,3,2015-07-01,Monaghan County Council,28
2015Q3,2015,3,2015-07-01,Mayo County Council,65
2015Q3,2015,3,2015-07-01,Offaly County Council,54
2015Q3,2015,3,2015-07-01,Roscommon County Council,20
2015Q3,2015,3,2015-07-01,South Dublin County Council,96
2015Q3,2015,3,2015-07-01,Sligo County Council,22
2015Q3,2015,3,2015-07-01,Tipperary County Council,44
2015Q3,2015,3,2015-07-01,Waterford City & County Council,94
2015Q3,2015,3,2015-07-01,Westmeath County Council,26
2015Q3,2015,3,2015-07-01,Wicklow County Council,102
2015Q3,2015,3,2015-07-01,Wexford County Council,67
2015Q4,2015,4,2015-10-01,Cork City Council,93
2015Q4,2015,4,2015-10-01,Clare County Council,51
2015Q4,2015,4,2015-10-01,Cavan County Council,38
2015Q4,2015,4,2015-10-01,Cork County Council,175
2015Q4,2015,4,2015-10-01,Carlow County Council,33
2015Q4,2015,4,2015-10-01,Dublin City Council,146
2015Q4,2015,4,2015-10-01,Dún Laoghaire Rathdown County Council,86
2015Q4,2015,4,2015-10-01,Donegal County Council,69
2015Q4,2015,4,2015-10-01,Fingal County Council,349
2015Q4,2015,4,2015-10-01,Galway County Council,102
2015Q4,2015,4,2015-10-01,Galway City Council,12
2015Q4,2015,4,2015-10-01,Kildare County Council,162
2015Q4,2015,4,2015-10-01,Kilkenny County Council,36
2015Q4,2015,4,2015-10-01,Kerry County Council,65
2015Q4,2015,4,2015-10-01,Longford County Council,12
2015Q4,2015,4,2015-10-01,Louth County Council,47
2015Q4,2015,4,2015-10-01,Limerick City & County Council,79
2015Q4,2015,4,2015-10-01,Leitrim County Council,17
2015Q4,2015,4,2015-10-01,Laois County Council,22
2015Q4,2015,4,2015-10-01,Meath County Council,106
2015Q4,2015,4,2015-10-01,Monaghan County Council,44
2015Q4,2015,4,2015-10-01,Mayo County Council,51
2015Q4,2015,4,2015-10-01,Offaly County Council,20
2015Q4,2015,4,2015-10-01,Roscommon County Council,16
2015Q4,2015,4,2015-10-01,South Dublin County Council,90
2015Q4,2015,4,2015-10-01,Sligo County Council,27
2015Q4,2015,4,2015-10-01,Tipperary County Council,53
2015Q4,2015,4,2015-10-01,Waterford City & County Council,44
2015Q4,2015,4,2015-10-01,Westmeath County Council,28
2015Q4,2015,4,2015-10-01,Wicklow County Council,80
2015Q4,2015,4,2015-10-01,Wexford County Council,92
2016Q1,2016,1,2016-01-01,Cork City Council,67
2016Q1,2016,1,2016-01-01,Clare County Council,37
2016Q1,2016,1,2016-01-01,Cavan County Council,20
2016Q1,2016,1,2016-01-01,Cork County Council,129
2016Q1,2016,1,2016-01-01,Carlow County Council,15
2016Q1,2016,1,2016-01-01,Dublin City Council,175
2016Q1,2016,1,2016-01-01,Dún Laoghaire Rathdown County Council,276
2016Q1,2016,1,2016-01-01,Donegal County Council,57
2016Q1,2016,1,2016-01-01,Fingal County Council,277
2016Q1,2016,1,2016-01-01,Galway County Council,78
2016Q1,2016,1,2016-01-01,Galway City Council,19
2016Q1,2016,1,2016-01-01,Kildare County Council,119
2016Q1,2016,1,2016-01-01,Kilkenny County Council,22
2016Q1,2016,1,2016-01-01,Kerry County Council,42
2016Q1,2016,1,2016-01-01,Longford County Council,15
2016Q1,2016,1,2016-01-01,Louth County Council,37
2016Q1,2016,1,2016-01-01,Limerick City & County Council,58
2016Q1,2016,1,2016-01-01,Leitrim County Council,9
2016Q1,2016,1,2016-01-01,Laois County Council,25
2016Q1,2016,1,2016-01-01,Meath County Council,88
2016Q1,2016,1,2016-01-01,Monaghan County Council,19
2016Q1,2016,1,2016-01-01,Mayo County Council,40
2016Q1,2016,1,2016-01-01,Offaly County Council,18
2016Q1,2016,1,2016-01-01,Roscommon County Council,14
2016Q1,2016,1,2016-01-01,South Dublin County Council,62
2016Q1,2016,1,2016-01-01,Sligo County Council,13
2016Q1,2016,1,2016-01-01,Tipperary County Council,34
2016Q1,2016,1,2016-01-01,Waterford City & County Council,37
2016Q1,2016,1,2016-01-01,Westmeath County Council,24
2016Q1,2016,1,2016-01-01,Wicklow County Council,53
2016Q1,2016,1,2016-01-01,Wexford County Council,57
2016Q2,2016,2,2016-04-01,Cork City Council,67
2016Q2,2016,2,2016-04-01,Clare County Council,48
2016Q2,2016,2,2016-04-01,Cavan County Council,47
2016Q2,2016,2,2016-04-01,Cork County Council,161
2016Q2,2016,2,2016-04-01,Carlow County Council,17
2016Q2,2016,2,2016-04-01,Dublin City Council,233
2016Q2,2016,2,2016-04-01,Dún Laoghaire Rathdown County Council,153
2016Q2,2016,2,2016-04-01,Donegal County Council,82
2016Q2,2016,2,2016-04-01,Fingal County Council,367
2016Q2,2016,2,2016-04-01,Galway County Council,107
2016Q2,2016,2,2016-04-01,Galway City Council,27
2016Q2,2016,2,2016-04-01,Kildare County Council,152
2016Q2,2016,2,2016-04-01,Kilkenny County Council,38
2016Q2,2016,2,2016-04-01,Kerry County Council,67
2016Q2,2016,2,2016-04-01,Longford County Council,15
2016Q2,2016,2,2016-04-01,Louth County Council,58
2016Q2,2016,2,2016-04-01,Limerick City & County Council,63
2016Q2,2016,2,2016-04-01,Leitrim County Council,18
2016Q2,2016,2,2016-04-01,Laois County Council,27
2016Q2,2016,2,2016-04-01,Meath County Council,143
2016Q2,2016,2,2016-04-01,Monaghan County Council,20
2016Q2,2016,2,2016-04-01,Mayo County Council,49
2016Q2,2016,2,2016-04-01,Offaly County Council,18
2016Q2,2016,2,2016-04-01,Roscommon County Council,27
2016Q2,2016,2,2016-04-01,South Dublin County Council,87
2016Q2,2016,2,2016-04-01,Sligo County Council,21
2016Q2,2016,2,2016-04-01,Tipperary County Council,43
2016Q2,2016,2,2016-04-01,Waterford City & County Council,30
2016Q2,2016,2,2016-04-01,Westmeath County Council,21
2016Q2,2016,2,2016-04-01,Wicklow County Council,80
2016Q2,2016,2,2016-04-01,Wexford County Council,82
2016Q3,2016,3,2016-07-01,Cork City Council,54
2016Q3,2016,3,2016-07-01,Clare County Council,55
2016Q3,2016,3,2016-07-01,Cavan County Council,43
2016Q3,2016,3,2016-07-01,Cork County Council,197
2016Q3,2016,3,2016-07-01,Carlow County Council,24
2016Q3,2016,3,2016-07-01,Dublin City Council,251
2016Q3,2016,3,2016-07-01,Dún Laoghaire Rathdown County Council,222
2016Q3,2016,3,2016-07-01,Donegal County Council,73
2016Q3,2016,3,2016-07-01,Fingal County Council,232
2016Q3,2016,3,2016-07-01,Galway County Council,102
2016Q3,2016,3,2016-07-01,Galway City Council,37
2016Q3,2016,3,2016-07-01,Kildare County Council,141
2016Q3,2016,3,2016-07-01,Kilkenny County Council,47
2016Q3,2016,3,2016-07-01,Kerry County Council,78
2016Q3,2016,3,2016-07-01,Longford County Council,13
2016Q3,2016,3,2016-07-01,Louth County Council,39
2016Q3,2016,3,2016-07-01,Limerick City & County Council,58
2016Q3,2016,3,2016-07-01,Leitrim County Council,14
2016Q3,2016,3,2016-07-01,Laois County Council,21
2016Q3,2016,3,2016-07-01,Meath County Council,186
2016Q3,2016,3,2016-07-01,Monaghan County Council,21
2016Q3,2016,3,2016-07-01,Mayo County Council,67
2016Q3,2016,3,2016-07-01,Offaly County Council,19
2016Q3,2016,3,2016-07-01,Roscommon County Council,24
2016Q3,2016,3,2016-07-01,South Dublin County Council,130
2016Q3,2016,3,2016-07-01,Sligo County Council,31
2016Q3,2016,3,2016-07-01,Tipperary County Council,47
2016Q3,2016,3,2016-07-01,Waterford City & County Council,51
2016Q3,2016,3,2016-07-01,Westmeath County Council,30
2016Q3,2016,3,2016-07-01,Wicklow County Council,87
2016Q3,2016,3,2016-07-01,Wexford County Council,56
2016Q4,2016,4,2016-10-01,Cork City Council,86
2016Q4,2016,4,2016-10-01,Clare County Council,85
2016Q4,2016,4,2016-10-01,Cavan County Council,35
2016Q4,2016,4,2016-10-01,Cork County Council,181
2016Q4,2016,4,2016-10-01,Carlow County Council,26
2016Q4,2016,4,2016-10-01,Dublin City Council,223
2016Q4,2016,4,2016-10-01,Dún Laoghaire Rathdown County Council,317
2016Q4,2016,4,2016-10-01,Donegal County Council,72
2016Q4,2016,4,2016-10-01,Fingal County Council,355
2016Q4,2016,4,2016-10-01,Galway County Council,101
2016Q4,2016,4,2016-10-01,Galway City Council,30
2016Q4,2016,4,2016-10-01,Kildare County Council,219
2016Q4,2016,4,2016-10-01,Kilkenny County Council,47
2016Q4,2016,4,2016-10-01,Kerry County Council,62
2016Q4,2016,4,2016-10-01,Longford County Council,16
2016Q4,2016,4,2016-10-01,Louth County Council,65
2016Q4,2016,4,2016-10-01,Limerick City & County Council,85
2016Q4,2016,4,2016-10-01,Leitrim County Council,17
2016Q4,2016,4,2016-10-01,Laois County Council,27
2016Q4,2016,4,2016-10-01,Meath County Council,182
2016Q4,2016,4,2016-10-01,Monaghan County Council,28
2016Q4,2016,4,2016-10-01,Mayo County Council,89
2016Q4,2016,4,2016-10-01,Offaly County Council,30
2016Q4,2016,4,2016-10-01,Roscommon County Council,17
2016Q4,2016,4,2016-10-01,South Dublin County Council,191
2016Q4,2016,4,2016-10-01,Sligo County Council,22
2016Q4,2016,4,2016-10-01,Tipperary County Council,34
2016Q4,2016,4,2016-10-01,Waterford City & County Council,96
2016Q4,2016,4,2016-10-01,Westmeath County Council,30
2016Q4,2016,4,2016-10-01,Wicklow County Council,132
2016Q4,2016,4,2016-10-01,Wexford County Council,66
2017Q1,2017,1,2017-01-01,Cork City Council,95
2017Q1,2017,1,2017-01-01,Clare County Council,58
2017Q1,2017,1,2017-01-01,Cavan County Council,35
2017Q1,2017,1,2017-01-01,Cork County Council,186
2017Q1,2017,1,2017-01-01,Carlow County Council,16
2017Q1,2017,1,2017-01-01,Dublin City Council,220
2017Q1,2017,1,2017-01-01,Dún Laoghaire Rathdown County Council,374
2017Q1,2017,1,2017-01-01,Donegal County Council,75
2017Q1,2017,1,2017-01-01,Fingal County Council,291
2017Q1,2017,1,2017-01-01,Galway County Council,111
2017Q1,2017,1,2017-01-01,Galway City Council,36
2017Q1,2017,1,2017-01-01,Kildare County Council,193
2017Q1,2017,1,2017-01-01,Kilkenny County Council,42
2017Q1,2017,1,2017-01-01,Kerry County Council,54
2017Q1,2017,1,2017-01-01,Longford County Council,9
2017Q1,2017,1,2017-01-01,Louth County Council,75
2017Q1,2017,1,2017-01-01,Limerick City & County Council,76
2017Q1,2017,1,2017-01-01,Leitrim County Council,13
2017Q1,2017,1,2017-01-01,Laois County Council,28
2017Q1,2017,1,2017-01-01,Meath County Council,176
2017Q1,2017,1,2017-01-01,Monaghan County Council,22
2017Q1,2017,1,2017-01-01,Mayo County Council,37
2017Q1,2017,1,2017-01-01,Offaly County Council,30
2017Q1,2017,1,2017-01-01,Roscommon County Council,17
2017Q1,2017,1,2017-01-01,South Dublin County Council,149
2017Q1,2017,1,2017-01-01,Sligo County Council,20
2017Q1,2017,1,2017-01-01,Tipperary County Council,33
2017Q1,2017,1,2017-01-01,Waterford City & County Council,59
2017Q1,2017,1,2017-01-01,Westmeath County Council,22
2017Q1,2017,1,2017-01-01,Wicklow County Council,99
2017Q1,2017,1,2017-01-01,Wexford County Council,89
2017Q2,2017,2,2017-04-01,Cork City Council,76
2017Q2,2017,2,2017-04-01,Clare County Council,49
2017Q2,2017,2,2017-04-01,Cavan County Council,38
2017Q2,2017,2,2017-04-01,Cork County Council,238
2017Q2,2017,2,2017-04-01,Carlow County Council,26
2017Q2,2017,2,2017-04-01,Dublin City Council,318
2017Q2,2017,2,2017-04-01,Dún Laoghaire Rathdown County Council,346
2017Q2,2017,2,2017-04-01,Donegal County Council,93
2017Q2,2017,2,2017-04-01,Fingal County Council,343
2017Q2,2017,2,2017-04-01,Galway County Council,102
2017Q2,2017,2,2017-04-01,Galway City Council,37
2017Q2,2017,2,2017-04-01,Kildare County Council,215
2017Q2,2017,2,2017-04-01,Kilkenny County Council,38
2017Q2,2017,2,2017-04-01,Kerry County Council,79
2017Q2,2017,2,2017-04-01,Longford County Council,18
2017Q2,2017,2,2017-04-01,Louth County Council,62
2017Q2,2017,2,2017-04-01,Limerick City & County Council,88
2017Q2,2017,2,2017-04-01,Leitrim County Council,22
2017Q2,2017,2,2017-04-01,Laois County Council,26
2017Q2,2017,2,2017-04-01,Meath County Council,229
2017Q2,2017,2,2017-04-01,Monaghan County Council,38
2017Q2,2017,2,2017-04-01,Mayo County Council,72
2017Q2,2017,2,2017-04-01,Offaly County Council,34
2017Q2,2017,2,2017-04-01,Roscommon County Council,18
2017Q2,2017,2,2017-04-01,South Dublin County Council,248
2017Q2,2017,2,2017-04-01,Sligo County Council,24
2017Q2,2017,2,2017-04-01,Tipperary County Council,47
2017Q2,2017,2,2017-04-01,Waterford City & County Council,72
2017Q2,2017,2,2017-04-01,Westmeath County Council,29
2017Q2,2017,2,2017-04-01,Wicklow County Council,127
2017Q2,2017,2,2017-04-01,Wexford County Council,81
2017Q3,2017,3,2017-07-01,Cork City Council,88
2017Q3,2017,3,2017-07-01,Clare County Council,84
2017Q3,2017,3,2017-07-01,Cavan County Council,27
2017Q3,2017,3,2017-07-01,Cork County Council,237
2017Q3,2017,3,2017-07-01,Carlow County Council,29
2017Q3,2017,3,2017-07-01,Dublin City Council,525
2017Q3,2017,3,2017-07-01,Dún Laoghaire Rathdown County Council,179
2017Q3,2017,3,2017-07-01,Donegal County Council,95
2017Q3,2017,3,2017-07-01,Fingal County Council,568
2017Q3,2017,3,2017-07-01,Galway County Council,116
2017Q3,2017,3,2017-07-01,Galway City Council,42
2017Q3,2017,3,2017-07-01,Kildare County Council,260
2017Q3,2017,3,2017-07-01,Kilkenny County Council,56
2017Q3,2017,3,2017-07-01,Kerry County Council,84
2017Q3,2017,3,2017-07-01,Longford County Council,23
2017Q3,2017,3,2017-07-01,Louth County Council,114
2017Q3,2017,3,2017-07-01,Limerick City & County Council,95
2017Q3,2017,3,2017-07-01,Leitrim County Council,23
2017Q3,2017,3,2017-07-01,Laois County Council,24
2017Q3,2017,3,2017-07-01,Meath County Council,281
2017Q3,2017,3,2017-07-01,Monaghan County Council,39
2017Q3,2017,3,2017-07-01,Mayo County Council,59
2017Q3,2017,3,2017-07-01,Offaly County Council,36
2017Q3,2017,3,2017-07-01,Roscommon County Council,24
2017Q3,2017,3,2017-07-01,South Dublin County Council,235
2017Q3,2017,3,2017-07-01,Sligo County Council,33
2017Q3,2017,3,2017-07-01,Tipperary County Council,45
2017Q3,2017,3,2017-07-01,Waterford City & County Council,51
2017Q3,2017,3,2017-07-01,Westmeath County Council,41
2017Q3,2017,3,2017-07-01,Wicklow County Council,116
2017Q3,2017,3,2017-07-01,Wexford County Council,86
2017Q4,2017,4,2017-10-01,Cork City Council,140
2017Q4,2017,4,2017-10-01,Clare County Council,61
2017Q4,2017,4,2017-10-01,Cavan County Council,38
2017Q4,2017,4,2017-10-01,Cork County Council,312
2017Q4,2017,4,2017-10-01,Carlow County Council,27
2017Q4,2017,4,2017-10-01,Dublin City Council,485
2017Q4,2017,4,2017-10-01,Dún Laoghaire Rathdown County Council,287
2017Q4,2017,4,2017-10-01,Donegal County Council,99
2017Q4,2017,4,2017-10-01,Fingal County Council,622
2017Q4,2017,4,2017-10-01,Galway County Council,154
2017Q4,2017,4,2017-10-01,Galway City Council,31
2017Q4,2017,4,2017-10-01,Kildare County Council,316
2017Q4,2017,4,2017-10-01,Kilkenny County Council,58
2017Q4,2017,4,2017-10-01,Kerry County Council,86
2017Q4,2017,4,2017-10-01,Longford County Council,25
2017Q4,2017,4,2017-10-01,Louth County Council,120
2017Q4,2017,4,2017-10-01,Limerick City & County Council,209
2017Q4,2017,4,2017-10-01,Leitrim County Council,17
2017Q4,2017,4,2017-10-01,Laois County Council,39
2017Q4,2017,4,2017-10-01,Meath County Council,402
2017Q4,2017,4,2017-10-01,Monaghan County Council,49
2017Q4,2017,4,2017-10-01,Mayo County Council,72
2017Q4,2017,4,2017-10-01,Offaly County Council,32
2017Q4,2017,4,2017-10-01,Roscommon County Council,41
2017Q4,2017,4,2017-10-01,South Dublin County Council,347
2017Q4,2017,4,2017-10-01,Sligo County Council,47
2017Q4,2017,4,2017-10-01,Tipperary County Council,57
2017Q4,2017,4,2017-10-01,Waterford City & County Council,95
2017Q4,2017,4,2017-10-01,Westmeath County Council,40
2017Q4,2017,4,2017-10-01,Wicklow County Council,136
2017Q4,2017,4,2017-10-01,Wexford County Council,86
2018Q1,2018,1,2018-01-01,Cork City Council,120
2018Q1,2018,1,2018-01-01,Clare County Council,55
2018Q1,2018,1,2018-01-01,Cavan County Council,35
2018Q1,2018,1,2018-01-01,Cork County Council,223
2018Q1,2018,1,2018-01-01,Carlow County Council,47
2018Q1,2018,1,2018-01-01,Dublin City Council,328
2018Q1,2018,1,2018-01-01,Dún Laoghaire Rathdown County Council,212
2018Q1,2018,1,2018-01-01,Donegal County Council,86
2018Q1,2018,1,2018-01-01,Fingal County Council,410
2018Q1,2018,1,2018-01-01,Galway County Council,112
2018Q1,2018,1,2018-01-01,Galway City Council,30
2018Q1,2018,1,2018-01-01,Kildare County Council,246
2018Q1,2018,1,2018-01-01,Kilkenny County Council,29
2018Q1,2018,1,2018-01-01,Kerry County Council,92
2018Q1,2018,1,2018-01-01,Longford County Council,14
2018Q1,2018,1,2018-01-01,Louth County Council,125
2018Q1,2018,1,2018-01-01,Limerick City & County Council,125
2018Q1,2018,1,2018-01-01,Leitrim County Council,14
2018Q1,2018,1,2018-01-01,Laois County Council,34
2018Q1,2018,1,2018-01-01,Meath County Council,292
2018Q1,2018,1,2018-01-01,Monaghan County Council,24
2018Q1,2018,1,2018-01-01,Mayo County Council,69
2018Q1,2018,1,2018-01-01,Offaly County Council,26
2018Q1,2018,1,2018-01-01,Roscommon County Council,30
2018Q1,2018,1,2018-01-01,South Dublin County Council,242
2018Q1,2018,1,2018-01-01,Sligo County Council,31
2018Q1,2018,1,2018-01-01,Tipperary County Council,38
2018Q1,2018,1,2018-01-01,Waterford City & County Council,67
2018Q1,2018,1,2018-01-01,Westmeath County Council,33
2018Q1,2018,1,2018-01-01,Wicklow County Council,138
2018Q1,2018,1,2018-01-01,Wexford County Council,103
2018Q2,2018,2,2018-04-01,Cork City Council,116
2018Q2,2018,2,2018-04-01,Clare County Council,53
2018Q2,2018,2,2018-04-01,Cavan County Council,39
2018Q2,2018,2,2018-04-01,Cork County Council,324
2018Q2,2018,2,2018-04-01,Carlow County Council,44
2018Q2,2018,2,2018-04-01,Dublin City Council,308
2018Q2,2018,2,2018-04-01,Dún Laoghaire Rathdown County Council,348
2018Q2,2018,2,2018-04-01,Donegal County Council,90
2018Q2,2018,2,2018-04-01,Fingal County Council,665
2018Q2,2018,2,2018-04-01,Galway County Council,131
2018Q2,2018,2,2018-04-01,Galway City Council,41
2018Q2,2018,2,2018-04-01,Kildare County Council,271
2018Q2,2018,2,2018-04-01,Kilkenny County Council,51
2018Q2,2018,2,2018-04-01,Kerry County Council,79
2018Q2,2018,2,2018-04-01,Longford County Council,15
2018Q2,2018,2,2018-04-01,Louth County Council,148
2018Q2,2018,2,2018-04-01,Limerick City & County Council,137
2018Q2,2018,2,2018-04-01,Leitrim County Council,13
2018Q2,2018,2,2018-04-01,Laois County Council,91
2018Q2,2018,2,2018-04-01,Meath County Council,339
2018Q2,2018,2,2018-04-01,Monaghan County Council,41
2018Q2,2018,2,2018-04-01,Mayo County Council,70
2018Q2,2018,2,2018-04-01,Offaly County Council,20
2018Q2,2018,2,2018-04-01,Roscommon County Council,31
2018Q2,2018,2,2018-04-01,South Dublin County Council,466
2018Q2,2018,2,2018-04-01,Sligo County Council,36
2018Q2,2018,2,2018-04-01,Tipperary County Council,44
2018Q2,2018,2,2018-04-01,Waterford City & County Council,78
2018Q2,2018,2,2018-04-01,Westmeath County Council,27
2018Q2,2018,2,2018-04-01,Wicklow County Council,120
2018Q2,2018,2,2018-04-01,Wexford County Council,115
2018Q3,2018,3,2018-07-01,Cork City Council,156
2018Q3,2018,3,2018-07-01,Clare County Council,75
2018Q3,2018,3,2018-07-01,Cavan County Council,37
2018Q3,2018,3,2018-07-01,Cork County Council,291
2018Q3,2018,3,2018-07-01,Carlow County Council,40
2018Q3,2018,3,2018-07-01,Dublin City Council,534
2018Q3,2018,3,2018-07-01,Dún Laoghaire Rathdown County Council,367
2018Q3,2018,3,2018-07-01,Donegal County Council,124
2018Q3,2018,3,2018-07-01,Fingal County Council,514
2018Q3,2018,3,2018-07-01,Galway County Council,122
2018Q3,2018,3,2018-07-01,Galway City Council,26
2018Q3,2018,3,2018-07-01,Kildare County Council,326
2018Q3,2018,3,2018-07-01,Kilkenny County Council,52
2018Q3,2018,3,2018-07-01,Kerry County Council,117
2018Q3,2018,3,2018-07-01,Longford County Council,11
2018Q3,2018,3,2018-07-01,Louth County Council,134
2018Q3,2018,3,2018-07-01,Limerick City & County Council,109
2018Q3,2018,3,2018-07-01,Leitrim County Council,18
2018Q3,2018,3,2018-07-01,Laois County Council,52
2018Q3,2018,3,2018-07-01,Meath County Council,394
2018Q3,2018,3,2018-07-01,Monaghan County Council,32
2018Q3,2018,3,2018-07-01,Mayo County Council,81
2018Q3,2018,3,2018-07-01,Offaly County Council,23
2018Q3,2018,3,2018-07-01,Roscommon County Council,37
2018Q3,2018,3,2018-07-01,South Dublin County Council,429
2018Q3,2018,3,2018-07-01,Sligo County Council,44
2018Q3,2018,3,2018-07-01,Tipperary County Council,40
2018Q3,2018,3,2018-07-01,Waterford City & County Council,106
2018Q3,2018,3,2018-07-01,Westmeath County Council,31
2018Q3,2018,3,2018-07-01,Wicklow County Council,125
2018Q3,2018,3,2018-07-01,Wexford County Council,147
2018Q4,2018,4,2018-10-01,Cork City Council,197
2018Q4,2018,4,2018-10-01,Clare County Council,56
2018Q4,2018,4,2018-10-01,Cavan County Council,47
2018Q4,2018,4,2018-10-01,Cork County Council,308
2018Q4,2018,4,2018-10-01,Carlow County Council,97
2018Q4,2018,4,2018-10-01,Dublin City Council,634
2018Q4,2018,4,2018-10-01,Dún Laoghaire Rathdown County Council,356
2018Q4,2018,4,2018-10-01,Donegal County Council,131
2018Q4,2018,4,2018-10-01,Fingal County Council,510
2018Q4,2018,4,2018-10-01,Galway County Council,167
2018Q4,2018,4,2018-10-01,Galway City Council,37
2018Q4,2018,4,2018-10-01,Kildare County Council,381
2018Q4,2018,4,2018-10-01,Kilkenny County Council,85
2018Q4,2018,4,2018-10-01,Kerry County Council,98
2018Q4,2018,4,2018-10-01,Longford County Council,25
2018Q4,2018,4,2018-10-01,Louth County Council,184
2018Q4,2018,4,2018-10-01,Limerick City & County Council,132
2018Q4,2018,4,2018-10-01,Leitrim County Council,15
2018Q4,2018,4,2018-10-01,Laois County Council,52
2018Q4,2018,4,2018-10-01,Meath County Council,480
2018Q4,2018,4,2018-10-01,Monaghan County Council,32
2018Q4,2018,4,2018-10-01,Mayo County Council,94
2018Q4,2018,4,2018-10-01,Offaly County Council,36
2018Q4,2018,4,2018-10-01,Roscommon County Council,47
2018Q4,2018,4,2018-10-01,South Dublin County Council,513
2018Q4,2018,4,2018-10-01,Sligo County Council,55
2018Q4,2018,4,2018-10-01,Tipperary County Council,70
2018Q4,2018,4,2018-10-01,Waterford City & County Council,162
2018Q4,2018,4,2018-10-01,Westmeath County Council,76
2018Q4,2018,4,2018-10-01,Wicklow County Council,202
2018Q4,2018,4,2018-10-01,Wexford County Council,123
2019Q1,2019,1,2019-01-01,Cork City Council,150
2019Q1,2019,1,2019-01-01,Clare County Council,56
2019Q1,2019,1,2019-01-01,Cavan County Council,31
2019Q1,2019,1,2019-01-01,Cork County Council,275
2019Q1,2019,1,2019-01-01,Carlow County Council,41
2019Q1,2019,1,2019-01-01,Dublin City Council,518
2019Q1,2019,1,2019-01-01,Dún Laoghaire Rathdown County Council,199
2019Q1,2019,1,2019-01-01,Donegal County Council,86
2019Q1,2019,1,2019-01-01,Fingal County Council,353
2019Q1,2019,1,2019-01-01,Galway County Council,144
2019Q1,2019,1,2019-01-01,Galway City Council,30
2019Q1,2019,1,2019-01-01,Kildare County Council,395
2019Q1,2019,1,2019-01-01,Kilkenny County Council,54
2019Q1,2019,1,2019-01-01,Kerry County Council,80
2019Q1,2019,1,2019-01-01,Longford County Council,39
2019Q1,2019,1,2019-01-01,Louth County Council,171
2019Q1,2019,1,2019-01-01,Limerick City & County Council,87
2019Q1,2019,1,2019-01-01,Leitrim County Council,11
2019Q1,2019,1,2019-01-01,Laois County Council,33
2019Q1,2019,1,2019-01-01,Meath County Council,294
2019Q1,2019,1,2019-01-01,Monaghan County Council,62
2019Q1,2019,1,2019-01-01,Mayo County Council,96
2019Q1,2019,1,2019-01-01,Offaly County Council,40
2019Q1,2019,1,2019-01-01,Roscommon County Council,39
2019Q1,2019,1,2019-01-01,South Dublin County Council,383
2019Q1,2019,1,2019-01-01,Sligo County Council,11
2019Q1,2019,1,2019-01-01,Tipperary County Council,72
2019Q1,2019,1,2019-01-01,Waterford City & County Council,76
2019Q1,2019,1,2019-01-01,Westmeath County Council,52
2019Q1,2019,1,2019-01-01,Wicklow County Council,208
2019Q1,2019,1,2019-01-01,Wexford County Council,135
2019Q2,2019,2,2019-04-01,Cork City Council,153
2019Q2,2019,2,2019-04-01,Clare County Council,120
2019Q2,2019,2,2019-04-01,Cavan County Council,32
2019Q2,2019,2,2019-04-01,Cork County Council,379
2019Q2,2019,2,2019-04-01,Carlow County Council,41
2019Q2,2019,2,2019-04-01,Dublin City Council,403
2019Q2,2019,2,2019-04-01,Dún Laoghaire Rathdown County Council,197
2019Q2,2019,2,2019-04-01,Donegal County Council,110
2019Q2,2019,2,2019-04-01,Fingal County Council,497
2019Q2,2019,2,2019-04-01,Galway County Council,197
2019Q2,2019,2,2019-04-01,Galway City Council,41
2019Q2,2019,2,2019-04-01,Kildare County Council,394
2019Q2,2019,2,2019-04-01,Kilkenny County Council,48
2019Q2,2019,2,2019-04-01,Kerry County Council,102
2019Q2,2019,2,2019-04-01,Longford County Council,15
2019Q2,2019,2,2019-04-01,Louth County Council,135
2019Q2,2019,2,2019-04-01,Limerick City & County Council,163
2019Q2,2019,2,2019-04-01,Leitrim County Council,11
2019Q2,2019,2,2019-04-01,Laois County Council,48
2019Q2,2019,2,2019-04-01,Meath County Council,468
2019Q2,2019,2,2019-04-01,Monaghan County Council,57
2019Q2,2019,2,2019-04-01,Mayo County Council,81
2019Q2,2019,2,2019-04-01,Offaly County Council,37
2019Q2,2019,2,2019-04-01,Roscommon County Council,34
2019Q2,2019,2,2019-04-01,South Dublin County Council,358
2019Q2,2019,2,2019-04-01,Sligo County Council,39
2019Q2,2019,2,2019-04-01,Tipperary County Council,79
2019Q2,2019,2,2019-04-01,Waterford City & County Council,84
2019Q2,2019,2,2019-04-01,Westmeath County Council,59
2019Q2,2019,2,2019-04-01,Wicklow County Council,233
2019Q2,2019,2,2019-04-01,Wexford County Council,174
2019Q3,2019,3,2019-07-01,Cork City Council,143
2019Q3,2019,3,2019-07-01,Clare County Council,102
2019Q3,2019,3,2019-07-01,Cavan County Council,38
2019Q3,2019,3,2019-07-01,Cork County Council,285
2019Q3,2019,3,2019-07-01,Carlow County Council,39
2019Q3,2019,3,2019-07-01,Dublin City Council,369
2019Q3,2019,3,2019-07-01,Dún Laoghaire Rathdown County Council,488
2019Q3,2019,3,2019-07-01,Donegal County Council,133
2019Q3,2019,3,2019-07-01,Fingal County Council,684
2019Q3,2019,3,2019-07-01,Galway County Council,199
2019Q3,2019,3,2019-07-01,Galway City Council,92
2019Q3,2019,3,2019-07-01,Kildare County Council,485
2019Q3,2019,3,2019-07-01,Kilkenny County Council,93
2019Q3,2019,3,2019-07-01,Kerry County Council,115
2019Q3,2019,3,2019-07-01,Longford County Council,28
2019Q3,2019,3,2019-07-01,Louth County Council,157
2019Q3,2019,3,2019-07-01,Limerick City & County Council,125
2019Q3,2019,3,2019-07-01,Leitrim County Council,10
2019Q3,2019,3,2019-07-01,Laois County Council,82
2019Q3,2019,3,2019-07-01,Meath County Council,470
2019Q3,2019,3,2019-07-01,Monaghan County Council,98
2019Q3,2019,3,2019-07-01,Mayo County Council,93
2019Q3,2019,3,2019-07-01,Offaly County Council,51
2019Q3,2019,3,2019-07-01,Roscommon County Council,33
2019Q3,2019,3,2019-07-01,South Dublin County Council,393
2019Q3,2019,3,2019-07-01,Sligo County Council,36
2019Q3,2019,3,2019-07-01,Tipperary County Council,82
2019Q3,2019,3,2019-07-01,Waterford City & County Council,142
2019Q3,2019,3,2019-07-01,Westmeath County Council,61
2019Q3,2019,3,2019-07-01,Wicklow County Council,351
2019Q3,2019,3,2019-07-01,Wexford County Council,123
2019Q4,2019,4,2019-10-01,Cork City Council,278
2019Q4,2019,4,2019-10-01,Clare County Council,108
2019Q4,2019,4,2019-10-01,Cavan County Council,36
2019Q4,2019,4,2019-10-01,Cork County Council,472
2019Q4,2019,4,2019-10-01,Carlow County Council,73
2019Q4,2019,4,2019-10-01,Dublin City Council,488
2019Q4,2019,4,2019-10-01,Dún Laoghaire Rathdown County Council,254
2019Q4,2019,4,2019-10-01,Donegal County Council,101
2019Q4,2019,4,2019-10-01,Fingal County Council,783
2019Q4,2019,4,2019-10-01,Galway County Council,249
2019Q4,2019,4,2019-10-01,Galway City Council,93
2019Q4,2019,4,2019-10-01,Kildare County Council,623
2019Q4,2019,4,2019-10-01,Kilkenny County Council,94
2019Q4,2019,4,2019-10-01,Kerry County Council,146
2019Q4,2019,4,2019-10-01,Longford County Council,50
2019Q4,2019,4,2019-10-01,Louth County Council,203
2019Q4,2019,4,2019-10-01,Limerick City & County Council,177
2019Q4,2019,4,2019-10-01,Leitrim County Council,7
2019Q4,2019,4,2019-10-01,Laois County Council,77
2019Q4,2019,4,2019-10-01,Meath County Council,404
2019Q4,2019,4,2019-10-01,Monaghan County Council,63
2019Q4,2019,4,2019-10-01,Mayo County Council,167
2019Q4,2019,4,2019-10-01,Offaly County Council,99
2019Q4,2019,4,2019-10-01,Roscommon County Council,47
2019Q4,2019,4,2019-10-01,South Dublin County Council,523
2019Q4,2019,4,2019-10-01,Sligo County Council,27
2019Q4,2019,4,2019-10-01,Tipperary County Council,76
2019Q4,2019,4,2019-10-01,Waterford City & County Council,139
2019Q4,2019,4,2019-10-01,Westmeath County Council,70
2019Q4,2019,4,2019-10-01,Wicklow County Council,322
2019Q4,2019,4,2019-10-01,Wexford County Council,153
2020Q1,2020,1,2020-01-01,Cork City Council,245
2020Q1,2020,1,2020-01-01,Clare County Council,76
2020Q1,2020,1,2020-01-01,Cavan County Council,37
2020Q1,2020,1,2020-01-01,Cork County Council,354
2020Q1,2020,1,2020-01-01,Carlow County Council,25
2020Q1,2020,1,2020-01-01,Dublin City Council,655
2020Q1,2020,1,2020-01-01,Dún Laoghaire Rathdown County Council,249
2020Q1,2020,1,2020-01-01,Donegal County Council,120
2020Q1,2020,1,2020-01-01,Fingal County Council,413
2020Q1,2020,1,2020-01-01,Galway County Council,192
2020Q1,2020,1,2020-01-01,Galway City Council,57
2020Q1,2020,1,2020-01-01,Kildare County Council,328
2020Q1,2020,1,2020-01-01,Kilkenny County Council,112
2020Q1,2020,1,2020-01-01,Kerry County Council,85
2020Q1,2020,1,2020-01-01,Longford County Council,19
2020Q1,2020,1,2020-01-01,Louth County Council,115
2020Q1,2020,1,2020-01-01,Limerick City & County Council,127
2020Q1,2020,1,2020-01-01,Leitrim County Council,5
2020Q1,2020,1,2020-01-01,Laois County Council,65
2020Q1,2020,1,2020-01-01,Meath County Council,381
2020Q1,2020,1,2020-01-01,Monaghan County Council,44
2020Q1,2020,1,2020-01-01,Mayo County Council,120
2020Q1,2020,1,2020-01-01,Offaly County Council,45
2020Q1,2020,1,2020-01-01,Roscommon County Council,28
2020Q1,2020,1,2020-01-01,South Dublin County Council,315
2020Q1,2020,1,2020-01-01,Sligo County Council,74
2020Q1,2020,1,2020-01-01,Tipperary County Council,68
2020Q1,2020,1,2020-01-01,Waterford City & County Council,130
2020Q1,2020,1,2020-01-01,Westmeath County Council,82
2020Q1,2020,1,2020-01-01,Wicklow County Council,222
2020Q1,2020,1,2020-01-01,Wexford County Council,140
2020Q2,2020,2,2020-04-01,Cork City Council,140
2020Q2,2020,2,2020-04-01,Clare County Council,70
2020Q2,2020,2,2020-04-01,Cavan County Council,30
2020Q2,2020,2,2020-04-01,Cork County Council,192
2020Q2,2020,2,2020-04-01,Carlow County Council,46
2020Q2,2020,2,2020-04-01,Dublin City Council,252
2020Q2,2020,2,2020-04-01,Dún Laoghaire Rathdown County Council,102
2020Q2,2020,2,2020-04-01,Donegal County Council,98
2020Q2,2020,2,2020-04-01,Fingal County Council,308
2020Q2,2020,2,2020-04-01,Galway County Council,122
2020Q2,2020,2,2020-04-01,Galway City Council,31
2020Q2,2020,2,2020-04-01,Kildare County Council,279
2020Q2,2020,2,2020-04-01,Kilkenny County Council,67
2020Q2,2020,2,2020-04-01,Kerry County Council,55
2020Q2,2020,2,2020-04-01,Longford County Council,17
2020Q2,2020,2,2020-04-01,Louth County Council,190
2020Q2,2020,2,2020-04-01,Limerick City & County Council,64
2020Q2,2020,2,2020-04-01,Leitrim County Council,5
2020Q2,2020,2,2020-04-01,Laois County Council,62
2020Q2,2020,2,2020-04-01,Meath County Council,302
2020Q2,2020,2,2020-04-01,Monaghan County Council,33
2020Q2,2020,2,2020-04-01,Mayo County Council,53
2020Q2,2020,2,2020-04-01,Offaly County Council,25
2020Q2,2020,2,2020-04-01,Roscommon County Council,25
2020Q2,2020,2,2020-04-01,South Dublin County Council,166
2020Q2,2020,2,2020-04-01,Sligo County Council,11
2020Q2,2020,2,2020-04-01,Tipperary County Council,60
2020Q2,2020,2,2020-04-01,Waterford City & County Council,83
2020Q2,2020,2,2020-04-01,Westmeath County Council,55
2020Q2,2020,2,2020-04-01,Wicklow County Council,169
2020Q2,2020,2,2020-04-01,Wexford County Council,110
2020Q3,2020,3,2020-07-01,Cork City Council,323
2020Q3,2020,3,2020-07-01,Clare County Council,112
2020Q3,2020,3,2020-07-01,Cavan County Council,63
2020Q3,2020,3,2020-07-01,Cork County Council,404
2020Q3,2020,3,2020-07-01,Carlow County Council,66
2020Q3,2020,3,2020-07-01,Dublin City Council,385
2020Q3,2020,3,2020-07-01,Dún Laoghaire Rathdown County Council,198
2020Q3,2020,3,2020-07-01,Donegal County Council,131
2020Q3,2020,3,2020-07-01,Fingal County Council,293
2020Q3,2020,3,2020-07-01,Galway County Council,196
2020Q3,2020,3,2020-07-01,Galway City Council,47
2020Q3,2020,3,2020-07-01,Kildare County Council,493
2020Q3,2020,3,2020-07-01,Kilkenny County Council,87
2020Q3,2020,3,2020-07-01,Kerry County Council,181
2020Q3,2020,3,2020-07-01,Longford County Council,31
2020Q3,2020,3,2020-07-01,Louth County Council,147
2020Q3,2020,3,2020-07-01,Limerick City & County Council,137
2020Q3,2020,3,2020-07-01,Leitrim County Council,12
2020Q3,2020,3,2020-07-01,Laois County Council,80
2020Q3,2020,3,2020-07-01,Meath County Council,387
2020Q3,2020,3,2020-07-01,Monaghan County Council,59
2020Q3,2020,3,2020-07-01,Mayo County Council,130
2020Q3,2020,3,2020-07-01,Offaly County Council,43
2020Q3,2020,3,2020-07-01,Roscommon County Council,45
2020Q3,2020,3,2020-07-01,South Dublin County Council,218
2020Q3,2020,3,2020-07-01,Sligo County Council,51
2020Q3,2020,3,2020-07-01,Tipperary County Council,87
2020Q3,2020,3,2020-07-01,Waterford City & County Council,124
2020Q3,2020,3,2020-07-01,Westmeath County Council,59
2020Q3,2020,3,2020-07-01,Wicklow County Council,277
2020Q3,2020,3,2020-07-01,Wexford County Council,160
2020Q4,2020,4,2020-10-01,Cork City Council,316
2020Q4,2020,4,2020-10-01,Clare County Council,132
2020Q4,2020,4,2020-10-01,Cavan County Council,66
2020Q4,2020,4,2020-10-01,Cork County Council,475
2020Q4,2020,4,2020-10-01,Carlow County Council,63
2020Q4,2020,4,2020-10-01,Dublin City Council,908
2020Q4,2020,4,2020-10-01,Dún Laoghaire Rathdown County Council,273
2020Q4,2020,4,2020-10-01,Donegal County Council,225
2020Q4,2020,4,2020-10-01,Fingal County Council,372
2020Q4,2020,4,2020-10-01,Galway County Council,336
2020Q4,2020,4,2020-10-01,Galway City Council,64
2020Q4,2020,4,2020-10-01,Kildare County Council,561
2020Q4,2020,4,2020-10-01,Kilkenny County Council,117
2020Q4,2020,4,2020-10-01,Kerry County Council,247
2020Q4,2020,4,2020-10-01,Longford County Council,34
2020Q4,2020,4,2020-10-01,Louth County Council,172
2020Q4,2020,4,2020-10-01,Limerick City & County Council,180
2020Q4,2020,4,2020-10-01,Leitrim County Council,17
2020Q4,2020,4,2020-10-01,Laois County Council,132
2020Q4,2020,4,2020-10-01,Meath County Council,444
2020Q4,2020,4,2020-10-01,Monaghan County Council,77
2020Q4,2020,4,2020-10-01,Mayo County Council,109
2020Q4,2020,4,2020-10-01,Offaly County Council,85
2020Q4,2020,4,2020-10-01,Roscommon County Council,61
2020Q4,2020,4,2020-10-01,South Dublin County Council,923
2020Q4,2020,4,2020-10-01,Sligo County Council,37
2020Q4,2020,4,2020-10-01,Tipperary County Council,84
2020Q4,2020,4,2020-10-01,Waterford City & County Council,126
2020Q4,2020,4,2020-10-01,Westmeath County Council,91
2020Q4,2020,4,2020-10-01,Wicklow County Council,370
2020Q4,2020,4,2020-10-01,Wexford County Council,210
2021Q1,2021,1,2021-01-01,Cork City Council,194
2021Q1,2021,1,2021-01-01,Clare County Council,60
2021Q1,2021,1,2021-01-01,Cavan County Council,53
2021Q1,2021,1,2021-01-01,Cork County Council,265
2021Q1,2021,1,2021-01-01,Carlow County Council,35
2021Q1,2021,1,2021-01-01,Dublin City Council,365
2021Q1,2021,1,2021-01-01,Dún Laoghaire Rathdown County Council,116
2021Q1,2021,1,2021-01-01,Donegal County Council,83
2021Q1,2021,1,2021-01-01,Fingal County Council,312
2021Q1,2021,1,2021-01-01,Galway County Council,198
2021Q1,2021,1,2021-01-01,Galway City Council,134
2021Q1,2021,1,2021-01-01,Kildare County Council,319
2021Q1,2021,1,2021-01-01,Kilkenny County Council,59
2021Q1,2021,1,2021-01-01,Kerry County Council,130
2021Q1,2021,1,2021-01-01,Longford County Council,23
2021Q1,2021,1,2021-01-01,Louth County Council,174
2021Q1,2021,1,2021-01-01,Limerick City & County Council,125
2021Q1,2021,1,2021-01-01,Leitrim County Council,12
2021Q1,2021,1,2021-01-01,Laois County Council,132
2021Q1,2021,1,2021-01-01,Meath County Council,235
2021Q1,2021,1,2021-01-01,Monaghan County Council,47
2021Q1,2021,1,2021-01-01,Mayo County Council,65
2021Q1,2021,1,2021-01-01,Offaly County Council,50
2021Q1,2021,1,2021-01-01,Roscommon County Council,55
2021Q1,2021,1,2021-01-01,South Dublin County Council,212
2021Q1,2021,1,2021-01-01,Sligo County Council,24
2021Q1,2021,1,2021-01-01,Tipperary County Council,58
2021Q1,2021,1,2021-01-01,Waterford City & County Council,75
2021Q1,2021,1,2021-01-01,Westmeath County Council,95
2021Q1,2021,1,2021-01-01,Wicklow County Council,134
2021Q1,2021,1,2021-01-01,Wexford County Council,117
2021Q2,2021,2,2021-04-01,Cork City Council,154
2021Q2,2021,2,2021-04-01,Clare County Council,119
2021Q2,2021,2,2021-04-01,Cavan County Council,59
2021Q2,2021,2,2021-04-01,Cork County Council,407
2021Q2,2021,2,2021-04-01,Carlow County Council,79
2021Q2,2021,2,2021-04-01,Dublin City Council,392
2021Q2,2021,2,2021-04-01,Dún Laoghaire Rathdown County Council,321
2021Q2,2021,2,2021-04-01,Donegal County Council,123
2021Q2,2021,2,2021-04-01,Fingal County Council,519
2021Q2,2021,2,2021-04-01,Galway County Council,153
2021Q2,2021,2,2021-04-01,Galway City Council,88
2021Q2,2021,2,2021-04-01,Kildare County Council,484
2021Q2,2021,2,2021-04-01,Kilkenny County Council,107
2021Q2,2021,2,2021-04-01,Kerry County Council,99
2021Q2,2021,2,2021-04-01,Longford County Council,24
2021Q2,2021,2,2021-04-01,Louth County Council,165
2021Q2,2021,2,2021-04-01,Limerick City & County Council,137
2021Q2,2021,2,2021-04-01,Leitrim County Council,26
2021Q2,2021,2,2021-04-01,Laois County Council,83
2021Q2,2021,2,2021-04-01,Meath County Council,244
2021Q2,2021,2,2021-04-01,Monaghan County Council,54
2021Q2,2021,2,2021-04-01,Mayo County Council,98
2021Q2,2021,2,2021-04-01,Offaly County Council,49
2021Q2,2021,2,2021-04-01,Roscommon County Council,61
2021Q2,2021,2,2021-04-01,South Dublin County Council,288
2021Q2,2021,2,2021-04-01,Sligo County Council,30
2021Q2,2021,2,2021-04-01,Tipperary County Council,69
2021Q2,2021,2,2021-04-01,Waterford City & County Council,128
2021Q2,2021,2,2021-04-01,Westmeath County Council,66
2021Q2,2021,2,2021-04-01,Wicklow County Council,148
2021Q2,2021,2,2021-04-01,Wexford County Council,183
2021Q3,2021,3,2021-07-01,Cork City Council,150
2021Q3,2021,3,2021-07-01,Clare County Council,87
2021Q3,2021,3,2021-07-01,Cavan County Council,42
2021Q3,2021,3,2021-07-01,Cork County Council,396
2021Q3,2021,3,2021-07-01,Carlow County Council,44
2021Q3,2021,3,2021-07-01,Dublin City Council,371
2021Q3,2021,3,2021-07-01,Dún Laoghaire Rathdown County Council,323
2021Q3,2021,3,2021-07-01,Donegal County Council,109
2021Q3,2021,3,2021-07-01,Fingal County Council,394
2021Q3,2021,3,2021-07-01,Galway County Council,194
2021Q3,2021,3,2021-07-01,Galway City Council,48
2021Q3,2021,3,2021-07-01,Kildare County Council,543
2021Q3,2021,3,2021-07-01,Kilkenny County Council,75
2021Q3,2021,3,2021-07-01,Kerry County Council,109
2021Q3,2021,3,2021-07-01,Longford County Council,17
2021Q3,2021,3,2021-07-01,Louth County Council,158
2021Q3,2021,3,2021-07-01,Limerick City & County Council,145
2021Q3,2021,3,2021-07-01,Leitrim County Council,25
2021Q3,2021,3,2021-07-01,Laois County Council,110
2021Q3,2021,3,2021-07-01,Meath County Council,260
2021Q3,2021,3,2021-07-01,Monaghan County Council,34
2021Q3,2021,3,2021-07-01,Mayo County Council,86
2021Q3,2021,3,2021-07-01,Offaly County Council,60
2021Q3,2021,3,2021-07-01,Roscommon County Council,56
2021Q3,2021,3,2021-07-01,South Dublin County Council,140
2021Q3,2021,3,2021-07-01,Sligo County Council,42
2021Q3,2021,3,2021-07-01,Tipperary County Council,60
2021Q3,2021,3,2021-07-01,Waterford City & County Council,138
2021Q3,2021,3,2021-07-01,Westmeath County Council,40
2021Q3,2021,3,2021-07-01,Wicklow County Council,228
2021Q3,2021,3,2021-07-01,Wexford County Council,138
2021Q4,2021,4,2021-10-01,Cork City Council,241
2021Q4,2021,4,2021-10-01,Clare County Council,143
2021Q4,2021,4,2021-10-01,Cavan County Council,41
2021Q4,2021,4,2021-10-01,Cork County Council,410
2021Q4,2021,4,2021-10-01,Carlow County Council,94
2021Q4,2021,4,2021-10-01,Dublin City Council,948
2021Q4,2021,4,2021-10-01,Dún Laoghaire Rathdown County Council,605
2021Q4,2021,4,2021-10-01,Donegal County Council,162
2021Q4,2021,4,2021-10-01,Fingal County Council,635
2021Q4,2021,4,2021-10-01,Galway County Council,200
2021Q4,2021,4,2021-10-01,Galway City Council,32
2021Q4,2021,4,2021-10-01,Kildare County Council,687
2021Q4,2021,4,2021-10-01,Kilkenny County Council,84
2021Q4,2021,4,2021-10-01,Kerry County Council,103
2021Q4,2021,4,2021-10-01,Longford County Council,60
2021Q4,2021,4,2021-10-01,Louth County Council,167
2021Q4,2021,4,2021-10-01,Limerick City & County Council,190
2021Q4,2021,4,2021-10-01,Leitrim County Council,21
2021Q4,2021,4,2021-10-01,Laois County Council,66
2021Q4,2021,4,2021-10-01,Meath County Council,529
2021Q4,2021,4,2021-10-01,Monaghan County Council,66
2021Q4,2021,4,2021-10-01,Mayo County Council,121
2021Q4,2021,4,2021-10-01,Offaly County Council,87
2021Q4,2021,4,2021-10-01,Roscommon County Council,37
2021Q4,2021,4,2021-10-01,South Dublin County Council,302
2021Q4,2021,4,2021-10-01,Sligo County Council,48
2021Q4,2021,4,2021-10-01,Tipperary County Council,118
2021Q4,2021,4,2021-10-01,Waterford City & County Council,179
2021Q4,2021,4,2021-10-01,Westmeath County Council,41
2021Q4,2021,4,2021-10-01,Wicklow County Council,237
2021Q4,2021,4,2021-10-01,Wexford County Council,254
2022Q1,2022,1,2022-01-01,Cork City Council,149
2022Q1,2022,1,2022-01-01,Clare County Council,143
2022Q1,2022,1,2022-01-01,Cavan County Council,43
2022Q1,2022,1,2022-01-01,Cork County Council,345
2022Q1,2022,1,2022-01-01,Carlow County Council,60
2022Q1,2022,1,2022-01-01,Dublin City Council,973
2022Q1,2022,1,2022-01-01,Dún Laoghaire Rathdown County Council,581
2022Q1,2022,1,2022-01-01,Donegal County Council,127
2022Q1,2022,1,2022-01-01,Fingal County Council,347
2022Q1,2022,1,2022-01-01,Galway County Council,172
2022Q1,2022,1,2022-01-01,Galway City Council,18
2022Q1,2022,1,2022-01-01,Kildare County Council,308
2022Q1,2022,1,2022-01-01,Kilkenny County Council,58
2022Q1,2022,1,2022-01-01,Kerry County Council,133
2022Q1,2022,1,2022-01-01,Longford County Council,26
2022Q1,2022,1,2022-01-01,Louth County Council,199
2022Q1,2022,1,2022-01-01,Limerick City & County Council,150
2022Q1,2022,1,2022-01-01,Leitrim County Council,9
2022Q1,2022,1,2022-01-01,Laois County Council,76
2022Q1,2022,1,2022-01-01,Meath County Council,276
2022Q1,2022,1,2022-01-01,Monaghan County Council,56
2022Q1,2022,1,2022-01-01,Mayo County Council,98
2022Q1,2022,1,2022-01-01,Offaly County Council,138
2022Q1,2022,1,2022-01-01,Roscommon County Council,41
2022Q1,2022,1,2022-01-01,South Dublin County Council,243
2022Q1,2022,1,2022-01-01,Sligo County Council,36
2022Q1,2022,1,2022-01-01,Tipperary County Council,79
2022Q1,2022,1,2022-01-01,Waterford City & County Council,155
2022Q1,2022,1,2022-01-01,Westmeath County Council,69
2022Q1,2022,1,2022-01-01,Wicklow County Council,268
2022Q1,2022,1,2022-01-01,Wexford County Council,217
2022Q2,2022,2,2022-04-01,Cork City Council,363
2022Q2,2022,2,2022-04-01,Clare County Council,165
2022Q2,2022,2,2022-04-01,Cavan County Council,80
2022Q2,2022,2,2022-04-01,Cork County Council,485
2022Q2,2022,2,2022-04-01,Carlow County Council,51
2022Q2,2022,2,2022-04-01,Dublin City Council,1021
2022Q2,2022,2,2022-04-01,Dún Laoghaire Rathdown County Council,668
2022Q2,2022,2,2022-04-01,Donegal County Council,155
2022Q2,2022,2,2022-04-01,Fingal County Council,592
2022Q2,2022,2,2022-04-01,Galway County Council,231
2022Q2,2022,2,2022-04-01,Galway City Council,140
2022Q2,2022,2,2022-04-01,Kildare County Council,566
2022Q2,2022,2,2022-04-01,Kilkenny County Council,146
2022Q2,2022,2,2022-04-01,Kerry County Council,213
2022Q2,2022,2,2022-04-01,Longford County Council,20
2022Q2,2022,2,2022-04-01,Louth County Council,200
2022Q2,2022,2,2022-04-01,Limerick City & County Council,211
2022Q2,2022,2,2022-04-01,Leitrim County Council,13
2022Q2,2022,2,2022-04-01,Laois County Council,152
2022Q2,2022,2,2022-04-01,Meath County Council,537
2022Q2,2022,2,2022-04-01,Monaghan County Council,98
2022Q2,2022,2,2022-04-01,Mayo County Council,114
2022Q2,2022,2,2022-04-01,Offaly County Council,87
2022Q2,2022,2,2022-04-01,Roscommon County Council,27
2022Q2,2022,2,2022-04-01,South Dublin County Council,425
2022Q2,2022,2,2022-04-01,Sligo County Council,47
2022Q2,2022,2,2022-04-01,Tipperary County Council,106
2022Q2,2022,2,2022-04-01,Waterford City & County Council,93
2022Q2,2022,2,2022-04-01,Westmeath County Council,91
2022Q2,2022,2,2022-04-01,Wicklow County Council,313
2022Q2,2022,2,2022-04-01,Wexford County Council,168
2022Q3,2022,3,2022-07-01,Cork City Council,330
2022Q3,2022,3,2022-07-01,Clare County Council,125
2022Q3,2022,3,2022-07-01,Cavan County Council,57
2022Q3,2022,3,2022-07-01,Cork County Council,481
2022Q3,2022,3,2022-07-01,Carlow County Council,54
2022Q3,2022,3,2022-07-01,Dublin City Council,1215
2022Q3,2022,3,2022-07-01,Dún Laoghaire Rathdown County Council,377
2022Q3,2022,3,2022-07-01,Donegal County Council,167
2022Q3,2022,3,2022-07-01,Fingal County Council,560
2022Q3,2022,3,2022-07-01,Galway County Council,224
2022Q3,2022,3,2022-07-01,Galway City Council,159
2022Q3,2022,3,2022-07-01,Kildare County Council,748
2022Q3,2022,3,2022-07-01,Kilkenny County Council,75
2022Q3,2022,3,2022-07-01,Kerry County Council,138
2022Q3,2022,3,2022-07-01,Longford County Council,50
2022Q3,2022,3,2022-07-01,Louth County Council,191
2022Q3,2022,3,2022-07-01,Limerick City & County Council,190
2022Q3,2022,3,2022-07-01,Leitrim County Council,23
2022Q3,2022,3,2022-07-01,Laois County Council,79
2022Q3,2022,3,2022-07-01,Meath County Council,390
2022Q3,2022,3,2022-07-01,Monaghan County Council,63
2022Q3,2022,3,2022-07-01,Mayo County Council,118
2022Q3,2022,3,2022-07-01,Offaly County Council,62
2022Q3,2022,3,2022-07-01,Roscommon County Council,42
2022Q3,2022,3,2022-07-01,South Dublin County Council,457
2022Q3,2022,3,2022-07-01,Sligo County Council,60
2022Q3,2022,3,2022-07-01,Tipperary County Council,66
2022Q3,2022,3,2022-07-01,Waterford City & County Council,107
2022Q3,2022,3,2022-07-01,Westmeath County Council,147
2022Q3,2022,3,2022-07-01,Wicklow County Council,326
2022Q3,2022,3,2022-07-01,Wexford County Council,281
2022Q4,2022,4,2022-10-01,Cork City Council,352
2022Q4,2022,4,2022-10-01,Clare County Council,123
2022Q4,2022,4,2022-10-01,Cavan County Council,71
2022Q4,2022,4,2022-10-01,Cork County Council,555
2022Q4,2022,4,2022-10-01,Carlow County Council,66
2022Q4,2022,4,2022-10-01,Dublin City Council,662
2022Q4,2022,4,2022-10-01,Dún Laoghaire Rathdown County Council,1080
2022Q4,2022,4,2022-10-01,Donegal County Council,199
2022Q4,2022,4,2022-10-01,Fingal County Council,532
2022Q4,2022,4,2022-10-01,Galway County Council,268
2022Q4,2022,4,2022-10-01,Galway City Council,95
2022Q4,2022,4,2022-10-01,Kildare County Council,1002
2022Q4,2022,4,2022-10-01,Kilkenny County Council,142
2022Q4,2022,4,2022-10-01,Kerry County Council,127
2022Q4,2022,4,2022-10-01,Longford County Council,27
2022Q4,2022,4,2022-10-01,Louth County Council,199
2022Q4,2022,4,2022-10-01,Limerick City & County Council,210
2022Q4,2022,4,2022-10-01,Leitrim County Council,23
2022Q4,2022,4,2022-10-01,Laois County Council,205
2022Q4,2022,4,2022-10-01,Meath County Council,648
2022Q4,2022,4,2022-10-01,Monaghan County Council,118
2022Q4,2022,4,2022-10-01,Mayo County Council,120
2022Q4,2022,4,2022-10-01,Offaly County Council,122
2022Q4,2022,4,2022-10-01,Roscommon County Council,67
2022Q4,2022,4,2022-10-01,South Dublin County Council,622
2022Q4,2022,4,2022-10-01,Sligo County Council,68
2022Q4,2022,4,2022-10-01,Tipperary County Council,165
2022Q4,2022,4,2022-10-01,Waterford City & County Council,198
2022Q4,2022,4,2022-10-01,Westmeath County Council,96
2022Q4,2022,4,2022-10-01,Wicklow County Council,631
2022Q4,2022,4,2022-10-01,Wexford County Council,283
2023Q1,2023,1,2023-01-01,Cork City Council,260
2023Q1,2023,1,2023-01-01,Clare County Council,102
2023Q1,2023,1,2023-01-01,Cavan County Council,55
2023Q1,2023,1,2023-01-01,Cork County Council,473
2023Q1,2023,1,2023-01-01,Carlow County Council,41
2023Q1,2023,1,2023-01-01,Dublin City Council,506
2023Q1,2023,1,2023-01-01,Dún Laoghaire Rathdown County Council,879
2023Q1,2023,1,2023-01-01,Donegal County Council,138
2023Q1,2023,1,2023-01-01,Fingal County Council,407
2023Q1,2023,1,2023-01-01,Galway County Council,184
2023Q1,2023,1,2023-01-01,Galway City Council,93
2023Q1,2023,1,2023-01-01,Kildare County Council,599
2023Q1,2023,1,2023-01-01,Kilkenny County Council,78
2023Q1,2023,1,2023-01-01,Kerry County Council,116
2023Q1,2023,1,2023-01-01,Longford County Council,17
2023Q1,2023,1,2023-01-01,Louth County Council,169
2023Q1,2023,1,2023-01-01,Limerick City & County Council,205
2023Q1,2023,1,2023-01-01,Leitrim County Council,37
2023Q1,2023,1,2023-01-01,Laois County Council,109
2023Q1,2023,1,2023-01-01,Meath County Council,280
2023Q1,2023,1,2023-01-01,Monaghan County Council,66
2023Q1,2023,1,2023-01-01,Mayo County Council,112
2023Q1,2023,1,2023-01-01,Offaly County Council,103
2023Q1,2023,1,2023-01-01,Roscommon County Council,37
2023Q1,2023,1,2023-01-01,South Dublin County Council,716
2023Q1,2023,1,2023-01-01,Sligo County Council,43
2023Q1,2023,1,2023-01-01,Tipperary County Council,119
2023Q1,2023,1,2023-01-01,Waterford City & County Council,132
2023Q1,2023,1,2023-01-01,Westmeath County Council,52
2023Q1,2023,1,2023-01-01,Wicklow County Council,268
2023Q1,2023,1,2023-01-01,Wexford County Council,228
2023Q2,2023,2,2023-04-01,Cork City Council,303
2023Q2,2023,2,2023-04-01,Clare County Council,83
2023Q2,2023,2,2023-04-01,Cavan County Council,42
2023Q2,2023,2,2023-04-01,Cork County Council,525
2023Q2,2023,2,2023-04-01,Carlow County Council,54
2023Q2,2023,2,2023-04-01,Dublin City Council,522
2023Q2,2023,2,2023-04-01,Dún Laoghaire Rathdown County Council,808
2023Q2,2023,2,2023-04-01,Donegal County Council,165
2023Q2,2023,2,2023-04-01,Fingal County Council,550
2023Q2,2023,2,2023-04-01,Galway County Council,269
2023Q2,2023,2,2023-04-01,Galway City Council,74
2023Q2,2023,2,2023-04-01,Kildare County Council,757
2023Q2,2023,2,2023-04-01,Kilkenny County Council,94
2023Q2,2023,2,2023-04-01,Kerry County Council,188
2023Q2,2023,2,2023-04-01,Longford County Council,18
2023Q2,2023,2,2023-04-01,Louth County Council,195
2023Q2,2023,2,2023-04-01,Limerick City & County Council,147
2023Q2,2023,2,2023-04-01,Leitrim County Council,21
2023Q2,2023,2,2023-04-01,Laois County Council,226
2023Q2,2023,2,2023-04-01,Meath County Council,404
2023Q2,2023,2,2023-04-01,Monaghan County Council,52
2023Q2,2023,2,2023-04-01,Mayo County Council,139
2023Q2,2023,2,2023-04-01,Offaly County Council,95
2023Q2,2023,2,2023-04-01,Roscommon County Council,47
2023Q2,2023,2,2023-04-01,South Dublin County Council,467
2023Q2,2023,2,2023-04-01,Sligo County Council,79
2023Q2,2023,2,2023-04-01,Tipperary County Council,116
2023Q2,2023,2,2023-04-01,Waterford City & County Council,167
2023Q2,2023,2,2023-04-01,Westmeath County Council,61
2023Q2,2023,2,2023-04-01,Wicklow County Council,347
2023Q2,2023,2,2023-04-01,Wexford County Council,237
2023Q3,2023,3,2023-07-01,Cork City Council,156
2023Q3,2023,3,2023-07-01,Clare County Council,95
2023Q3,2023,3,2023-07-01,Cavan County Council,92
2023Q3,2023,3,2023-07-01,Cork County Council,538
2023Q3,2023,3,2023-07-01,Carlow County Council,55
2023Q3,2023,3,2023-07-01,Dublin City Council,888
2023Q3,2023,3,2023-07-01,Dún Laoghaire Rathdown County Council,636
2023Q3,2023,3,2023-07-01,Donegal County Council,189
2023Q3,2023,3,2023-07-01,Fingal County Council,773
2023Q3,2023,3,2023-07-01,Galway County Council,283
2023Q3,2023,3,2023-07-01,Galway City Council,110
2023Q3,2023,3,2023-07-01,Kildare County Council,576
2023Q3,2023,3,2023-07-01,Kilkenny County Council,125
2023Q3,2023,3,2023-07-01,Kerry County Council,140
2023Q3,2023,3,2023-07-01,Longford County Council,29
2023Q3,2023,3,2023-07-01,Louth County Council,271
2023Q3,2023,3,2023-07-01,Limerick City & County Council,194
2023Q3,2023,3,2023-07-01,Leitrim County Council,17
2023Q3,2023,3,2023-07-01,Laois County Council,167
2023Q3,2023,3,2023-07-01,Meath County Council,402
2023Q3,2023,3,2023-07-01,Monaghan County Council,62
2023Q3,2023,3,2023-07-01,Mayo County Council,125
2023Q3,2023,3,2023-07-01,Offaly County Council,120
2023Q3,2023,3,2023-07-01,Roscommon County Council,40
2023Q3,2023,3,2023-07-01,South Dublin County Council,1263
2023Q3,2023,3,2023-07-01,Sligo County Council,64
2023Q3,2023,3,2023-07-01,Tipperary County Council,139
2023Q3,2023,3,2023-07-01,Waterford City & County Council,116
2023Q3,2023,3,2023-07-01,Westmeath County Council,109
2023Q3,2023,3,2023-07-01,Wicklow County Council,411
2023Q3,2023,3,2023-07-01,Wexford County Council,202
2023Q4,2023,4,2023-10-01,Cork City Council,319
2023Q4,2023,4,2023-10-01,Clare County Council,123
2023Q4,2023,4,2023-10-01,Cavan County Council,70
2023Q4,2023,4,2023-10-01,Cork County Council,521
2023Q4,2023,4,2023-10-01,Carlow County Council,89
2023Q4,2023,4,2023-10-01,Dublin City Council,1514
2023Q4,2023,4,2023-10-01,Dún Laoghaire Rathdown County Council,1239
2023Q4,2023,4,2023-10-01,Donegal County Council,142
2023Q4,2023,4,2023-10-01,Fingal County Council,627
2023Q4,2023,4,2023-10-01,Galway County Council,219
2023Q4,2023,4,2023-10-01,Galway City Council,80
2023Q4,2023,4,2023-10-01,Kildare County Council,774
2023Q4,2023,4,2023-10-01,Kilkenny County Council,255
2023Q4,2023,4,2023-10-01,Kerry County Council,167
2023Q4,2023,4,2023-10-01,Longford County Council,55
2023Q4,2023,4,2023-10-01,Louth County Council,446
2023Q4,2023,4,2023-10-01,Limerick City & County Council,242
2023Q4,2023,4,2023-10-01,Leitrim County Council,25
2023Q4,2023,4,2023-10-01,Laois County Council,241
2023Q4,2023,4,2023-10-01,Meath County Council,453
2023Q4,2023,4,2023-10-01,Monaghan County Council,54
2023Q4,2023,4,2023-10-01,Mayo County Council,143
2023Q4,2023,4,2023-10-01,Offaly County Council,225
2023Q4,2023,4,2023-10-01,Roscommon County Council,70
2023Q4,2023,4,2023-10-01,South Dublin County Council,788
2023Q4,2023,4,2023-10-01,Sligo County Council,76
2023Q4,2023,4,2023-10-01,Tipperary County Council,133
2023Q4,2023,4,2023-10-01,Waterford City & County Council,138
2023Q4,2023,4,2023-10-01,Westmeath County Council,275
2023Q4,2023,4,2023-10-01,Wicklow County Council,401
2023Q4,2023,4,2023-10-01,Wexford County Council,296
2024Q1,2024,1,2024-01-01,Cork City Council,237
2024Q1,2024,1,2024-01-01,Clare County Council,127
2024Q1,2024,1,2024-01-01,Cavan County Council,50
2024Q1,2024,1,2024-01-01,Cork County Council,458
2024Q1,2024,1,2024-01-01,Carlow County Council,57
2024Q1,2024,1,2024-01-01,Dublin City Council,490
2024Q1,2024,1,2024-01-01,Dún Laoghaire Rathdown County Council,380
2024Q1,2024,1,2024-01-01,Donegal County Council,125
2024Q1,2024,1,2024-01-01,Fingal County Council,293
2024Q1,2024,1,2024-01-01,Galway County Council,210
2024Q1,2024,1,2024-01-01,Galway City Council,66
2024Q1,2024,1,2024-01-01,Kildare County Council,272
2024Q1,2024,1,2024-01-01,Kilkenny County Council,119
2024Q1,2024,1,2024-01-01,Kerry County Council,72
2024Q1,2024,1,2024-01-01,Longford County Council,32
2024Q1,2024,1,2024-01-01,Louth County Council,176
2024Q1,2024,1,2024-01-01,Limerick City & County Council,191
2024Q1,2024,1,2024-01-01,Leitrim County Council,18
2024Q1,2024,1,2024-01-01,Laois County Council,144
2024Q1,2024,1,2024-01-01,Meath County Council,467
2024Q1,2024,1,2024-01-01,Monaghan County Council,65
2024Q1,2024,1,2024-01-01,Mayo County Council,82
2024Q1,2024,1,2024-01-01,Offaly County Council,97
2024Q1,2024,1,2024-01-01,Roscommon County Council,56
2024Q1,2024,1,2024-01-01,South Dublin County Council,696
2024Q1,2024,1,2024-01-01,Sligo County Council,39
2024Q1,2024,1,2024-01-01,Tipperary County Council,95
2024Q1,2024,1,2024-01-01,Waterford City & County Council,147
2024Q1,2024,1,2024-01-01,Westmeath County Council,88
2024Q1,2024,1,2024-01-01,Wicklow County Council,274
2024Q1,2024,1,2024-01-01,Wexford County Council,168
2024Q2,2024,2,2024-04-01,Cork City Council,301
2024Q2,2024,2,2024-04-01,Clare County Council,102
2024Q2,2024,2,2024-04-01,Cavan County Council,69
2024Q2,2024,2,2024-04-01,Cork County Council,532
2024Q2,2024,2,2024-04-01,Carlow County Council,66
2024Q2,2024,2,2024-04-01,Dublin City Council,578
2024Q2,2024,2,2024-04-01,Dún Laoghaire Rathdown County Council,439
2024Q2,2024,2,2024-04-01,Donegal County Council,138
2024Q2,2024,2,2024-04-01,Fingal County Council,343
2024Q2,2024,2,2024-04-01,Galway County Council,260
2024Q2,2024,2,2024-04-01,Galway City Council,74
2024Q2,2024,2,2024-04-01,Kildare County Council,344
2024Q2,2024,2,2024-04-01,Kilkenny County Council,109
2024Q2,2024,2,2024-04-01,Kerry County Council,102
2024Q2,2024,2,2024-04-01,Longford County Council,41
2024Q2,2024,2,2024-04-01,Louth County Council,241
2024Q2,2024,2,2024-04-01,Limerick City & County Council,224
2024Q2,2024,2,2024-04-01,Leitrim County Council,31
2024Q2,2024,2,2024-04-01,Laois County Council,129
2024Q2,2024,2,2024-04-01,Meath County Council,381
2024Q2,2024,2,2024-04-01,Monaghan County Council,64
2024Q2,2024,2,2024-04-01,Mayo County Council,160
2024Q2,2024,2,2024-04-01,Offaly County Council,62
2024Q2,2024,2,2024-04-01,Roscommon County Council,33
2024Q2,2024,2,2024-04-01,South Dublin County Council,701
2024Q2,2024,2,2024-04-01,Sligo County Council,51
2024Q2,2024,2,2024-04-01,Tipperary County Council,168
2024Q2,2024,2,2024-04-01,Waterford City & County Council,203
2024Q2,2024,2,2024-04-01,Westmeath County Council,184
2024Q2,2024,2,2024-04-01,Wicklow County Council,406
2024Q2,2024,2,2024-04-01,Wexford County Council,272
2024Q3,2024,3,2024-07-01,Cork City Council,306
2024Q3,2024,3,2024-07-01,Clare County Council,159
2024Q3,2024,3,2024-07-01,Cavan County Council,60
2024Q3,2024,3,2024-07-01,Cork County Council,677
2024Q3,2024,3,2024-07-01,Carlow County Council,47
2024Q3,2024,3,2024-07-01,Dublin City Council,1125
2024Q3,2024,3,2024-07-01,Dún Laoghaire Rathdown County Council,604
2024Q3,2024,3,2024-07-01,Donegal County Council,178
2024Q3,2024,3,2024-07-01,Fingal County Council,691
2024Q3,2024,3,2024-07-01,Galway County Council,246
2024Q3,2024,3,2024-07-01,Galway City Council,37
2024Q3,2024,3,2024-07-01,Kildare County Council,350
2024Q3,2024,3,2024-07-01,Kilkenny County Council,116
2024Q3,2024,3,2024-07-01,Kerry County Council,130
2024Q3,2024,3,2024-07-01,Longford County Council,34
2024Q3,2024,3,2024-07-01,Louth County Council,362
2024Q3,2024,3,2024-07-01,Limerick City & County Council,356
2024Q3,2024,3,2024-07-01,Leitrim County Council,19
2024Q3,2024,3,2024-07-01,Laois County Council,232
2024Q3,2024,3,2024-07-01,Meath County Council,309
2024Q3,2024,3,2024-07-01,Monaghan County Council,86
2024Q3,2024,3,2024-07-01,Mayo County Council,143
2024Q3,2024,3,2024-07-01,Offaly County Council,123
2024Q3,2024,3,2024-07-01,Roscommon County Council,50
2024Q3,2024,3,2024-07-01,South Dublin County Council,1309
2024Q3,2024,3,2024-07-01,Sligo County Council,39
2024Q3,2024,3,2024-07-01,Tipperary County Council,100
2024Q3,2024,3,2024-07-01,Waterford City & County Council,224
2024Q3,2024,3,2024-07-01,Westmeath County Council,112
2024Q3,2024,3,2024-07-01,Wicklow County Council,296
2024Q3,2024,3,2024-07-01,Wexford County Council,354
2024Q4,2024,4,2024-10-01,Cork City Council,375
2024Q4,2024,4,2024-10-01,Clare County Council,146
2024Q4,2024,4,2024-10-01,Cavan County Council,64
2024Q4,2024,4,2024-10-01,Cork County Council,645
2024Q4,2024,4,2024-10-01,Carlow County Council,100
2024Q4,2024,4,2024-10-01,Dublin City Council,1155
2024Q4,2024,4,2024-10-01,Dún Laoghaire Rathdown County Council,602
2024Q4,2024,4,2024-10-01,Donegal County Council,188
2024Q4,2024,4,2024-10-01,Fingal County Council,1099
2024Q4,2024,4,2024-10-01,Galway County Council,246
2024Q4,2024,4,2024-10-01,Galway City Council,96
2024Q4,2024,4,2024-10-01,Kildare County Council,456
2024Q4,2024,4,2024-10-01,Kilkenny County Council,158
2024Q4,2024,4,2024-10-01,Kerry County Council,173
2024Q4,2024,4,2024-10-01,Longford County Council,19
2024Q4,2024,4,2024-10-01,Louth County Council,391
2024Q4,2024,4,2024-10-01,Limerick City & County Council,230
2024Q4,2024,4,2024-10-01,Leitrim County Council,50
2024Q4,2024,4,2024-10-01,Laois County Council,148
2024Q4,2024,4,2024-10-01,Meath County Council,462
2024Q4,2024,4,2024-10-01,Monaghan County Council,38
2024Q4,2024,4,2024-10-01,Mayo County Council,186
2024Q4,2024,4,2024-10-01,Offaly County Council,111
2024Q4,2024,4,2024-10-01,Roscommon County Council,56
2024Q4,2024,4,2024-10-01,South Dublin County Council,374
2024Q4,2024,4,2024-10-01,Sligo County Council,72
2024Q4,2024,4,2024-10-01,Tipperary County Council,118
2024Q4,2024,4,2024-10-01,Waterford City & County Council,165
2024Q4,2024,4,2024-10-01,Westmeath County Council,96
2024Q4,2024,4,2024-10-01,Wicklow County Council,362
2024Q4,2024,4,2024-10-01,Wexford County Council,270
2025Q1,2025,1,2025-01-01,Cork City Council,278
2025Q1,2025,1,2025-01-01,Clare County Council,129
2025Q1,2025,1,2025-01-01,Cavan County Council,57
2025Q1,2025,1,2025-01-01,Cork County Council,442
2025Q1,2025,1,2025-01-01,Carlow County Council,25
2025Q1,2025,1,2025-01-01,Dublin City Council,683
2025Q1,2025,1,2025-01-01,Dún Laoghaire Rathdown County Council,241
2025Q1,2025,1,2025-01-01,Donegal County Council,116
2025Q1,2025,1,2025-01-01,Fingal County Council,620
2025Q1,2025,1,2025-01-01,Galway County Council,206
2025Q1,2025,1,2025-01-01,Galway City Council,89
2025Q1,2025,1,2025-01-01,Kildare County Council,416
2025Q1,2025,1,2025-01-01,Kilkenny County Council,122
2025Q1,2025,1,2025-01-01,Kerry County Council,91
2025Q1,2025,1,2025-01-01,Longford County Council,19
2025Q1,2025,1,2025-01-01,Louth County Council,215
2025Q1,2025,1,2025-01-01,Limerick City & County Council,174
2025Q1,2025,1,2025-01-01,Leitrim County Council,11
2025Q1,2025,1,2025-01-01,Laois County Council,139
2025Q1,2025,1,2025-01-01,Meath County Council,298
2025Q1,2025,1,2025-01-01,Monaghan County Council,70
2025Q1,2025,1,2025-01-01,Mayo County Council,101
2025Q1,2025,1,2025-01-01,Offaly County Council,100
2025Q1,2025,1,2025-01-01,Roscommon County Council,36
2025Q1,2025,1,2025-01-01,South Dublin County Council,353
2025Q1,2025,1,2025-01-01,Sligo County Council,54
2025Q1,2025,1,2025-01-01,Tipperary County Council,116
2025Q1,2025,1,2025-01-01,Waterford City & County Council,164
2025Q1,2025,1,2025-01-01,Westmeath County Council,75
2025Q1,2025,1,2025-01-01,Wicklow County Council,305
2025Q1,2025,1,2025-01-01,Wexford County Council,162
2025Q2,2025,2,2025-04-01,Cork City Council,327
2025Q2,2025,2,2025-04-01,Clare County Council,187
2025Q2,2025,2,2025-04-01,Cavan County Council,80
2025Q2,2025,2,2025-04-01,Cork County Council,510
2025Q2,2025,2,2025-04-01,Carlow County Council,52
2025Q2,2025,2,2025-04-01,Dublin City Council,1149
2025Q2,2025,2,2025-04-01,Dún Laoghaire Rathdown County Council,827
2025Q2,2025,2,2025-04-01,Donegal County Council,154
2025Q2,2025,2,2025-04-01,Fingal County Council,1201
2025Q2,2025,2,2025-04-01,Galway County Council,220
2025Q2,2025,2,2025-04-01,Galway City Council,98
2025Q2,2025,2,2025-04-01,Kildare County Council,407
2025Q2,2025,2,2025-04-01,Kilkenny County Council,143
2025Q2,2025,2,2025-04-01,Kerry County Council,221
2025Q2,2025,2,2025-04-01,Longford County Council,21
2025Q2,2025,2,2025-04-01,Louth County Council,417
2025Q2,2025,2,2025-04-01,Limerick City & County Council,221
2025Q2,2025,2,2025-04-01,Leitrim County Council,36
2025Q2,2025,2,2025-04-01,Laois County Council,230
2025Q2,2025,2,2025-04-01,Meath County Council,482
2025Q2,2025,2,2025-04-01,Monaghan County Council,63
2025Q2,2025,2,2025-04-01,Mayo County Council,98
2025Q2,2025,2,2025-04-01,Offaly County Council,67
2025Q2,2025,2,2025-04-01,Roscommon County Council,28
2025Q2,2025,2,2025-04-01,South Dublin County Council,626
2025Q2,2025,2,2025-04-01,Sligo County Council,145
2025Q2,2025,2,2025-04-01,Tipperary County Council,210
2025Q2,2025,2,2025-04-01,Waterford City & County Council,134
2025Q2,2025,2,2025-04-01,Westmeath County Council,236
2025Q2,2025,2,2025-04-01,Wicklow County Council,273
2025Q2,2025,2,2025-04-01,Wexford County Council,289
2025Q3,2025,3,2025-07-01,Cork City Council,495
2025Q3,2025,3,2025-07-01,Clare County Council,145
2025Q3,2025,3,2025-07-01,Cavan County Council,115
2025Q3,2025,3,2025-07-01,Cork County Council,540
2025Q3,2025,3,2025-07-01,Carlow County Council,47
2025Q3,2025,3,2025-07-01,Dublin City Council,905
2025Q3,2025,3,2025-07-01,Dún Laoghaire Rathdown County Council,488
2025Q3,2025,3,2025-07-01,Donegal County Council,173
2025Q3,2025,3,2025-07-01,Fingal County Council,758
2025Q3,2025,3,2025-07-01,Galway County Council,277
2025Q3,2025,3,2025-07-01,Galway City Council,120
2025Q3,2025,3,2025-07-01,Kildare County Council,497
2025Q3,2025,3,2025-07-01,Kilkenny County Council,84
2025Q3,2025,3,2025-07-01,Kerry County Council,193
2025Q3,2025,3,2025-07-01,Longford County Council,35
2025Q3,2025,3,2025-07-01,Louth County Council,325
2025Q3,2025,3,2025-07-01,Limerick City & County Council,233
2025Q3,2025,3,2025-07-01,Leitrim County Council,17
2025Q3,2025,3,2025-07-01,Laois County Council,231
2025Q3,2025,3,2025-07-01,Meath County Council,618
2025Q3,2025,3,2025-07-01,Monaghan County Council,88
2025Q3,2025,3,2025-07-01,Mayo County Council,123
2025Q3,2025,3,2025-07-01,Offaly County Council,75
2025Q3,2025,3,2025-07-01,Roscommon County Council,64
2025Q3,2025,3,2025-07-01,South Dublin County Council,1168
2025Q3,2025,3,2025-07-01,Sligo County Council,117
2025Q3,2025,3,2025-07-01,Tipperary County Council,218
2025Q3,2025,3,2025-07-01,Waterford City & County Council,211
2025Q3,2025,3,2025-07-01,Westmeath County Council,223
2025Q3,2025,3,2025-07-01,Wicklow County Council,336
2025Q3,2025,3,2025-07-01,Wexford County Council,278
2025Q4,2025,4,2025-10-01,Cork City Council,398
2025Q4,2025,4,2025-10-01,Clare County Council,163
2025Q4,2025,4,2025-10-01,Cavan County Council,98
2025Q4,2025,4,2025-10-01,Cork County Council,725
2025Q4,2025,4,2025-10-01,Carlow County Council,98
2025Q4,2025,4,2025-10-01,Dublin City Council,1782
2025Q4,2025,4,2025-10-01,Dún Laoghaire Rathdown County Council,483
2025Q4,2025,4,2025-10-01,Donegal County Council,237
2025Q4,2025,4,2025-10-01,Fingal County Council,1028
2025Q4,2025,4,2025-10-01,Galway County Council,356
2025Q4,2025,4,2025-10-01,Galway City Council,107
2025Q4,2025,4,2025-10-01,Kildare County Council,854
2025Q4,2025,4,2025-10-01,Kilkenny County Council,172
2025Q4,2025,4,2025-10-01,Kerry County Council,217
2025Q4,2025,4,2025-10-01,Longford County Council,23
2025Q4,2025,4,2025-10-01,Louth County Council,582
2025Q4,2025,4,2025-10-01,Limerick City & County Council,238
2025Q4,2025,4,2025-10-01,Leitrim County Council,60
2025Q4,2025,4,2025-10-01,Laois County Council,243
2025Q4,2025,4,2025-10-01,Meath County Council,734
2025Q4,2025,4,2025-10-01,Monaghan County Council,94
2025Q4,2025,4,2025-10-01,Mayo County Council,176
2025Q4,2025,4,2025-10-01,Offaly County Council,81
2025Q4,2025,4,2025-10-01,Roscommon County Council,96
2025Q4,2025,4,2025-10-01,South Dublin County Council,1369
2025Q4,2025,4,2025-10-01,Sligo County Council,75
2025Q4,2025,4,2025-10-01,Tipperary County Council,258
2025Q4,2025,4,2025-10-01,Waterford City & County Council,211
2025Q4,2025,4,2025-10-01,Westmeath County Council,206
2025Q4,2025,4,2025-10-01,Wicklow County Council,464
2025Q4,2025,4,2025-10-01,Wexford County Council,331
2026Q1,2026,1,2026-01-01,Cork City Council,408
2026Q1,2026,1,2026-01-01,Clare County Council,151
2026Q1,2026,1,2026-01-01,Cavan County Council,75
2026Q1,2026,1,2026-01-01,Cork County Council,644
2026Q1,2026,1,2026-01-01,Carlow County Council,49
2026Q1,2026,1,2026-01-01,Dublin City Council,1013
2026Q1,2026,1,2026-01-01,Dún Laoghaire Rathdown County Council,349
2026Q1,2026,1,2026-01-01,Donegal County Council,229
2026Q1,2026,1,2026-01-01,Fingal County Council,432
2026Q1,2026,1,2026-01-01,Galway County Council,261
2026Q1,2026,1,2026-01-01,Galway City Council,103
2026Q1,2026,1,2026-01-01,Kildare County Council,505
2026Q1,2026,1,2026-01-01,Kilkenny County Council,169
2026Q1,2026,1,2026-01-01,Kerry County Council,201
2026Q1,2026,1,2026-01-01,Longford County Council,33
2026Q1,2026,1,2026-01-01,Louth County Council,449
2026Q1,2026,1,2026-01-01,Limerick City & County Council,140
2026Q1,2026,1,2026-01-01,Leitrim County Council,33
2026Q1,2026,1,2026-01-01,Laois County Council,243
2026Q1,2026,1,2026-01-01,Meath County Council,246
2026Q1,2026,1,2026-01-01,Monaghan County Council,79
2026Q1,2026,1,2026-01-01,Mayo County Council,130
2026Q1,2026,1,2026-01-01,Offaly County Council,59
2026Q1,2026,1,2026-01-01,Roscommon County Council,68
2026Q1,2026,1,2026-01-01,South Dublin County Council,743
2026Q1,2026,1,2026-01-01,Sligo County Council,73
2026Q1,2026,1,2026-01-01,Tipperary County Council,181
2026Q1,2026,1,2026-01-01,Waterford City & County Council,177
2026Q1,2026,1,2026-01-01,Westmeath County Council,57
2026Q1,2026,1,2026-01-01,Wicklow County Council,265
2026Q1,2026,1,2026-01-01,Wexford County Council,291
2026Q2,2026,2,2026-04-01,Cork City Council,390
2026Q2,2026,2,2026-04-01,Clare County Council,178
2026Q2,2026,2,2026-04-01,Cavan County Council,108
2026Q2,2026,2,2026-04-01,Cork County Council,509
2026Q2,2026,2,2026-04-01,Carlow County Council,99
2026Q2,2026,2,2026-04-01,Dublin City Council,1280
2026Q2,2026,2,2026-04-01,Dún Laoghaire Rathdown County Council,307
2026Q2,2026,2,2026-04-01,Donegal County Council,204
2026Q2,2026,2,2026-04-01,Fingal County Council,1020
2026Q2,2026,2,2026-04-01,Galway County Council,237
2026Q2,2026,2,2026-04-01,Galway City Council,41
2026Q2,2026,2,2026-04-01,Kildare County Council,592
2026Q2,2026,2,2026-04-01,Kilkenny County Council,172
2026Q2,2026,2,2026-04-01,Kerry County Council,193
2026Q2,2026,2,2026-04-01,Longford County Council,64
2026Q2,2026,2,2026-04-01,Louth County Council,476
2026Q2,2026,2,2026-04-01,Limerick City & County Council,185
2026Q2,2026,2,2026-04-01,Leitrim County Council,32
2026Q2,2026,2,2026-04-01,Laois County Council,208
2026Q2,2026,2,2026-04-01,Meath County Council,461
2026Q2,2026,2,2026-04-01,Monaghan County Council,92
2026Q2,2026,2,2026-04-01,Mayo County Council,115
2026Q2,2026,2,2026-04-01,Offaly County Council,145
2026Q2,2026,2,2026-04-01,Roscommon County Council,74
2026Q2,2026,2,2026-04-01,South Dublin County Council,573
2026Q2,2026,2,2026-04-01,Sligo County Council,112
2026Q2,2026,2,2026-04-01,Tipperary County Council,169
2026Q2,2026,2,2026-04-01,Waterford City & County Council,151
2026Q2,2026,2,2026-04-01,Westmeath County Council,168
2026Q2,2026,2,2026-04-01,Wicklow County Council,198
2026Q2,2026,2,2026-04-01,Wexford County Council,270
